equipment_id,equipment_type,fuel_consumption,co2_emission_factor,operation_hours
1,Dump Truck,35.77,1.674,94.2
2,Crane,65.47,4.165,272.02
3,Loader,88.75,3.593,493.23
4,Excavator,55.62,3.279,216.76
5,Excavator,77.12,1.67,321.29
6,Bulldozer,77.49,4.351,484.72
7,Paver,68.11,4.843,69.68
8,Crane,28.35,1.164,209.88
9,Paver,87.34,1.312,425.25
10,Loader,46.45,4.539,466.22
11,Dump Truck,9.2,4.262,301.02
12,Dump Truck,28.24,3.472,72.57
13,Grader,77.73,4.78,450.83
14,Concrete Mixer,11.57,3.586,88.05
15,Bulldozer,19.0,1.864,177.09
16,Loader,70.95,3.915,188.38
17,Paver,89.8,3.583,224.2
18,Loader,65.2,4.943,395.29
19,Grader,26.12,1.856,401.27
20,Grader,10.07,3.392,360.11
21,Dump Truck,63.44,4.121,12.04
22,Paver,9.5,2.356,282.86
23,Concrete Mixer,63.21,2.519,374.0
24,Dump Truck,26.43,4.552,222.87
25,Concrete Mixer,90.94,2.617,472.52
26,Excavator,50.13,3.499,412.08
27,Loader,26.27,4.557,319.44
28,Grader,86.05,1.839,32.15
29,Excavator,29.13,4.928,326.52
30,Paver,34.13,3.808,455.88
31,Dump Truck,84.26,2.984,190.34
32,Bulldozer,34.34,2.724,419.23
33,Crane,43.97,4.817,157.27
34,Bulldozer,38.03,1.823,285.48
35,Bulldozer,16.06,2.247,324.56
36,Crane,8.7,2.231,339.32
37,Loader,73.83,2.156,441.39
38,Excavator,66.29,2.874,118.08
39,Excavator,31.82,4.957,131.92
40,Loader,33.08,4.555,352.32
41,Crane,94.78,2.312,89.42
42,Concrete Mixer,98.83,2.691,232.67
43,Bulldozer,49.98,3.678,11.0
44,Dump Truck,81.23,1.069,71.35
45,Excavator,74.99,4.281,339.74
46,Loader,33.25,4.519,373.98
47,Dump Truck,10.56,4.429,58.54
48,Grader,18.54,2.5,114.63
49,Crane,84.64,2.848,50.35
50,Dump Truck,74.47,1.05,217.27
51,Paver,68.11,2.598,63.93
52,Dump Truck,17.41,2.842,219.21
53,Paver,65.79,4.628,366.32
54,Bulldozer,78.35,4.576,342.01
55,Crane,86.76,4.864,140.95
56,Dump Truck,6.26,4.54,337.21
57,Excavator,70.03,1.033,463.93
58,Crane,6.81,3.566,174.41
59,Excavator,72.15,1.273,165.23
60,Loader,65.38,2.09,286.15
61,Loader,19.09,3.313,123.51
62,Grader,77.78,3.802,326.14
63,Concrete Mixer,11.49,3.619,416.3
64,Loader,83.51,1.196,230.2
65,Dump Truck,29.88,1.414,340.07
66,Crane,70.44,1.514,326.29
67,Loader,92.75,1.366,20.29
68,Excavator,37.28,1.713,92.52
69,Dump Truck,52.77,3.754,446.87
70,Loader,49.0,4.323,469.51
71,Paver,19.97,2.635,390.44
72,Paver,61.08,3.771,460.7
73,Bulldozer,75.59,1.8,153.77
74,Excavator,92.1,4.893,124.61
75,Grader,85.83,2.4,192.77
76,Grader,53.45,4.383,28.62
77,Grader,73.31,4.781,405.13
78,Excavator,81.07,4.459,492.1
79,Grader,51.88,1.268,412.19
80,Concrete Mixer,15.97,3.601,277.93
81,Bulldozer,46.6,1.48,148.35
82,Concrete Mixer,85.04,1.023,99.65
83,Paver,61.68,1.207,182.67
84,Loader,73.82,4.665,333.82
85,Bulldozer,22.6,4.634,224.08
86,Excavator,96.61,1.903,467.1
87,Concrete Mixer,43.39,3.188,427.26
88,Dump Truck,67.1,4.82,52.1
89,Bulldozer,6.79,2.987,66.63
90,Excavator,17.1,2.574,338.44
91,Crane,79.29,2.933,116.15
92,Bulldozer,96.96,4.161,395.72
93,Bulldozer,35.41,2.909,296.09
94,Loader,8.53,4.133,115.69
95,Dump Truck,39.28,2.727,239.86
96,Loader,6.66,2.008,203.63
97,Grader,23.28,2.306,436.71
98,Bulldozer,76.48,1.311,17.05
99,Paver,94.02,2.99,448.03
100,Bulldozer,13.31,1.592,326.39
101,Grader,58.0,4.246,369.03
102,Dump Truck,29.12,2.682,2.3
103,Dump Truck,18.21,4.06,314.49
104,Paver,25.8,4.818,294.65
105,Paver,59.89,4.398,269.07
106,Concrete Mixer,11.19,4.806,393.15
107,Excavator,46.25,3.272,278.38
108,Excavator,17.85,1.661,428.69
109,Concrete Mixer,30.9,4.742,117.08
110,Excavator,23.12,4.474,403.19
111,Bulldozer,88.88,4.458,90.48
112,Concrete Mixer,72.26,3.773,406.75
113,Concrete Mixer,87.5,3.5,470.29
114,Excavator,41.43,1.059,168.51
115,Crane,34.77,3.992,265.41
116,Paver,41.16,1.366,329.51
117,Excavator,6.76,2.039,40.66
118,Loader,73.85,3.206,247.55
119,Crane,38.23,2.807,180.93
120,Concrete Mixer,34.77,1.063,436.36
121,Crane,61.82,4.296,438.46
122,Bulldozer,46.44,4.515,350.69
123,Dump Truck,98.18,3.727,328.21
124,Crane,38.84,3.164,367.11
125,Loader,63.32,4.843,183.63
126,Dump Truck,34.61,1.48,202.86
127,Bulldozer,99.11,3.952,277.3
128,Loader,47.29,1.513,469.08
129,Grader,65.24,2.527,362.28
130,Dump Truck,17.04,3.342,275.94
131,Grader,74.64,3.948,385.44
132,Bulldozer,30.57,1.015,186.07
133,Dump Truck,47.62,2.042,365.5
134,Dump Truck,88.9,3.153,205.93
135,Excavator,97.2,3.131,140.55
136,Loader,45.33,3.551,305.25
137,Paver,84.31,2.215,343.75
138,Loader,10.07,3.162,230.19
139,Crane,85.52,1.759,283.18
140,Grader,64.8,1.747,347.34
141,Grader,51.43,3.306,384.09
142,Loader,89.55,3.742,447.89
143,Loader,85.31,1.482,177.92
144,Dump Truck,33.21,1.491,475.79
145,Grader,80.19,3.261,319.0
146,Concrete Mixer,14.45,2.08,394.06
147,Paver,83.16,2.57,350.18
148,Excavator,69.17,2.603,103.58
149,Paver,13.35,1.714,36.65
150,Crane,69.89,1.005,363.42
151,Paver,60.15,4.413,256.02
152,Excavator,61.48,3.86,351.4
153,Crane,32.63,3.762,238.94
154,Bulldozer,30.32,3.186,156.81
155,Dump Truck,77.44,3.804,143.22
156,Loader,29.4,4.743,365.54
157,Loader,47.39,3.663,139.11
158,Concrete Mixer,71.0,2.06,357.62
159,Paver,12.56,3.282,192.6
160,Grader,61.48,2.769,385.68
161,Grader,60.99,3.226,72.26
162,Excavator,70.0,3.07,103.28
163,Excavator,40.14,4.435,343.27
164,Excavator,47.65,3.607,280.56
165,Grader,36.35,1.755,102.74
166,Loader,81.78,1.252,451.51
167,Grader,17.41,2.697,138.7
168,Excavator,96.48,1.062,211.11
169,Dump Truck,65.31,2.273,101.94
170,Crane,89.26,2.472,194.63
171,Loader,45.49,2.502,246.33
172,Dump Truck,36.57,4.917,148.33
173,Bulldozer,90.57,2.216,384.78
174,Paver,14.39,2.061,197.57
175,Dump Truck,16.13,1.518,365.03
176,Paver,33.44,3.044,104.33
177,Dump Truck,96.18,1.615,189.14
178,Bulldozer,65.14,3.465,5.02
179,Dump Truck,57.65,1.621,379.56
180,Crane,72.01,3.307,313.32
181,Loader,44.66,4.305,409.09
182,Paver,77.02,1.17,228.35
183,Concrete Mixer,42.36,2.679,400.07
184,Grader,83.5,2.844,324.14
185,Bulldozer,30.39,4.164,2.8
186,Paver,31.37,2.872,127.59
187,Loader,54.63,3.27,247.45
188,Excavator,45.92,4.165,309.72
189,Paver,66.57,3.239,33.73
190,Crane,39.61,2.433,352.83
191,Concrete Mixer,26.9,1.343,272.22
192,Crane,49.63,3.92,263.36
193,Paver,58.29,4.485,146.73
194,Crane,18.55,4.88,297.82
195,Excavator,57.89,4.706,14.72
196,Concrete Mixer,35.33,4.19,33.29
197,Grader,42.28,3.574,367.2
198,Crane,31.54,4.126,161.62
199,Excavator,93.48,2.728,174.14
200,Bulldozer,69.92,3.379,104.98
201,Excavator,29.93,2.395,223.36
202,Dump Truck,66.28,2.307,26.94
203,Paver,85.61,4.027,150.88
204,Loader,43.15,2.816,264.03
205,Paver,83.85,1.849,233.35
206,Paver,19.67,1.808,499.84
207,Excavator,83.16,4.437,194.99
208,Excavator,56.33,3.711,194.11
209,Excavator,26.18,3.184,252.29
210,Paver,43.68,2.604,95.96
211,Grader,98.86,2.723,438.28
212,Crane,79.44,1.23,286.56
213,Grader,59.63,2.82,96.86
214,Concrete Mixer,15.94,4.182,396.93
215,Excavator,44.69,2.552,18.13
216,Excavator,29.99,2.534,491.3
217,Dump Truck,11.75,1.063,432.71
218,Dump Truck,56.51,2.831,290.24
219,Bulldozer,89.47,1.101,56.54
220,Bulldozer,69.18,3.281,108.42
221,Dump Truck,28.72,3.027,140.44
222,Concrete Mixer,59.49,4.36,121.27
223,Bulldozer,94.61,3.327,249.26
224,Loader,73.68,2.294,472.34
225,Loader,70.5,3.065,222.64
226,Concrete Mixer,96.98,3.799,331.12
227,Dump Truck,80.89,1.376,344.6
228,Bulldozer,17.98,3.484,435.92
229,Excavator,38.03,4.667,17.88
230,Dump Truck,96.69,2.197,202.76
231,Bulldozer,51.52,3.507,392.58
232,Concrete Mixer,15.61,4.285,407.62
233,Loader,48.57,3.047,463.74
234,Paver,71.21,3.872,351.69
235,Concrete Mixer,99.77,2.244,123.33
236,Paver,35.77,2.224,253.33
237,Bulldozer,53.84,3.67,17.14
238,Concrete Mixer,88.57,3.822,323.82
239,Bulldozer,38.75,4.748,277.59
240,Bulldozer,15.38,1.899,333.75
241,Paver,95.15,2.873,465.14
242,Concrete Mixer,51.4,2.002,343.95
243,Crane,52.76,1.32,160.9
244,Excavator,64.01,2.613,100.17
245,Dump Truck,5.34,2.496,427.46
246,Loader,93.46,2.082,97.97
247,Excavator,39.34,2.188,81.64
248,Dump Truck,42.71,2.442,104.1
249,Dump Truck,21.54,4.955,254.91
250,Loader,40.92,4.132,62.97
251,Excavator,81.37,1.286,469.12
252,Loader,81.0,4.49,483.16
253,Bulldozer,93.9,3.533,486.93
254,Loader,43.31,4.562,20.52
255,Paver,72.33,2.367,473.15
256,Paver,53.19,2.858,498.71
257,Concrete Mixer,81.38,4.585,471.27
258,Crane,72.69,2.09,335.8
259,Crane,39.95,4.662,350.91
260,Crane,36.98,4.314,62.0
261,Excavator,28.98,4.922,437.27
262,Paver,59.77,2.297,30.76
263,Excavator,96.57,1.943,159.55
264,Bulldozer,24.01,2.323,495.58
265,Grader,14.05,4.819,211.74
266,Crane,16.34,2.332,66.45
267,Bulldozer,79.39,3.261,484.68
268,Paver,38.26,2.615,492.09
269,Grader,26.31,2.585,94.33
270,Crane,38.52,1.774,432.54
271,Excavator,66.31,3.148,195.82
272,Grader,56.94,4.398,191.3
273,Concrete Mixer,75.64,1.198,132.09
274,Concrete Mixer,37.21,4.557,23.31
275,Concrete Mixer,47.94,3.662,134.74
276,Loader,14.69,3.467,27.83
277,Concrete Mixer,11.94,3.504,462.26
278,Dump Truck,48.91,2.185,331.2
279,Crane,33.65,2.661,443.42
280,Concrete Mixer,63.22,4.197,358.93
281,Grader,9.09,2.226,66.51
282,Paver,16.57,2.88,470.35
283,Dump Truck,87.19,1.079,450.05
284,Dump Truck,58.8,3.934,174.69
285,Dump Truck,72.65,2.671,56.66
286,Bulldozer,84.99,3.101,352.37
287,Grader,49.06,1.459,364.45
288,Bulldozer,77.3,4.967,448.52
289,Dump Truck,54.84,2.21,27.28
290,Loader,26.16,3.54,71.71
291,Concrete Mixer,37.08,3.325,299.53
292,Paver,51.58,4.14,309.95
293,Crane,35.1,2.175,17.77
294,Grader,36.88,4.024,199.07
295,Loader,37.05,2.53,292.5
296,Excavator,16.67,2.645,369.22
297,Bulldozer,13.04,3.691,158.76
298,Concrete Mixer,9.42,4.137,242.47
299,Concrete Mixer,15.54,3.667,407.21
300,Excavator,37.65,4.6,476.99
301,Excavator,61.42,2.141,115.93
302,Grader,22.87,4.602,127.27
303,Concrete Mixer,89.36,1.523,469.97
304,Excavator,81.8,3.638,198.56
305,Concrete Mixer,54.45,3.191,359.46
306,Loader,73.8,2.979,306.52
307,Grader,39.8,2.244,143.51
308,Paver,8.49,3.015,327.13
309,Excavator,90.91,1.647,328.13
310,Loader,17.14,2.477,296.63
311,Loader,95.05,1.395,50.73
312,Excavator,59.33,3.287,497.59
313,Grader,34.03,1.383,200.81
314,Concrete Mixer,52.07,1.641,319.49
315,Paver,52.65,1.342,443.0
316,Dump Truck,7.21,2.525,212.22
317,Concrete Mixer,38.77,4.368,387.19
318,Crane,75.29,4.628,485.94
319,Excavator,53.46,1.288,180.11
320,Bulldozer,28.2,3.538,203.23
321,Grader,36.84,3.738,452.88
322,Excavator,86.99,3.135,80.66
323,Crane,54.93,3.668,15.27
324,Loader,55.19,1.935,454.54
325,Bulldozer,96.34,2.959,410.97
326,Bulldozer,35.48,2.564,486.32
327,Concrete Mixer,50.56,1.359,30.06
328,Dump Truck,82.11,3.502,78.93
329,Concrete Mixer,77.1,2.981,53.55
330,Grader,30.25,2.101,342.02
331,Bulldozer,19.35,2.895,303.4
332,Paver,71.57,4.101,180.31
333,Paver,29.48,4.207,29.65
334,Bulldozer,92.65,3.598,320.19
335,Paver,17.28,2.871,285.49
336,Paver,35.24,3.303,57.34
337,Dump Truck,10.2,2.54,454.55
338,Grader,71.81,1.506,100.28
339,Excavator,89.67,2.542,372.01
340,Dump Truck,65.41,3.121,442.65
341,Loader,94.09,3.395,290.16
342,Concrete Mixer,17.21,4.743,124.18
343,Paver,13.33,4.109,155.32
344,Excavator,84.65,1.608,442.99
345,Concrete Mixer,86.27,1.697,149.83
346,Paver,83.95,1.402,373.35
347,Dump Truck,80.9,3.953,495.09
348,Excavator,39.41,3.824,499.91
349,Dump Truck,25.66,4.945,267.21
350,Loader,93.24,3.088,413.45
351,Crane,34.17,4.306,495.13
352,Bulldozer,42.85,3.306,187.96
353,Grader,71.46,4.496,126.95
354,Excavator,32.87,3.884,58.0
355,Bulldozer,82.82,3.572,71.31
356,Crane,11.65,3.26,426.92
357,Excavator,80.16,3.892,294.77
358,Bulldozer,62.18,2.679,436.98
359,Bulldozer,59.43,1.386,394.94
360,Excavator,48.55,1.16,337.2
361,Bulldozer,31.32,2.916,305.05
362,Bulldozer,49.09,3.397,25.12
363,Excavator,47.75,1.315,436.27
364,Grader,60.46,2.148,209.5
365,Bulldozer,31.75,2.288,280.33
366,Bulldozer,12.37,3.251,11.95
367,Grader,18.78,2.114,468.1
368,Concrete Mixer,71.42,1.383,451.47
369,Loader,7.14,1.659,272.1
370,Concrete Mixer,86.36,1.696,289.08
371,Paver,70.97,4.371,352.8
372,Crane,77.97,2.137,133.08
373,Concrete Mixer,84.42,3.859,111.74
374,Concrete Mixer,16.66,3.271,337.34
375,Crane,83.13,4.908,53.11
376,Bulldozer,52.94,2.091,227.58
377,Bulldozer,89.12,1.633,246.89
378,Concrete Mixer,89.23,1.208,191.29
379,Crane,7.3,1.964,93.45
380,Bulldozer,41.37,3.736,178.3
381,Dump Truck,55.01,1.341,169.44
382,Excavator,69.44,1.979,250.13
383,Excavator,32.19,4.421,337.67
384,Loader,28.95,3.332,484.15
385,Excavator,41.22,1.278,72.94
386,Concrete Mixer,52.59,1.191,436.64
387,Excavator,95.36,1.244,142.8
388,Excavator,77.4,4.768,296.1
389,Dump Truck,45.79,4.399,273.82
390,Bulldozer,10.16,4.38,278.92
391,Dump Truck,21.01,4.697,361.96
392,Concrete Mixer,48.31,3.021,191.46
393,Excavator,82.31,1.989,160.23
394,Grader,41.17,2.605,426.56
395,Bulldozer,56.16,3.875,110.83
396,Loader,89.72,4.504,90.94
397,Loader,91.81,2.74,8.79
398,Paver,25.5,3.142,106.08
399,Paver,9.14,4.727,259.75
400,Excavator,34.01,1.43,269.72
401,Excavator,71.1,4.449,127.96
402,Loader,95.36,1.637,37.06
403,Loader,12.32,2.935,372.58
404,Grader,7.71,1.874,379.23
405,Concrete Mixer,88.99,3.412,498.92
406,Excavator,76.07,3.234,450.11
407,Loader,99.26,2.52,463.1
408,Grader,42.7,4.453,399.3
409,Crane,44.52,3.639,308.14
410,Loader,21.37,3.885,65.14
411,Bulldozer,16.01,1.603,311.53
412,Bulldozer,59.98,4.533,28.92
413,Crane,39.61,1.668,442.76
414,Paver,12.63,1.891,241.43
415,Concrete Mixer,89.26,1.512,349.04
416,Paver,23.84,2.761,27.07
417,Excavator,76.12,4.551,267.59
418,Paver,31.81,2.01,151.33
419,Excavator,82.23,2.495,143.2
420,Loader,16.25,4.384,195.44
421,Bulldozer,76.83,3.471,1.32
422,Concrete Mixer,14.32,4.006,233.86
423,Concrete Mixer,47.46,1.856,243.8
424,Concrete Mixer,74.73,3.866,431.7
425,Loader,21.46,1.91,224.81
426,Excavator,32.14,4.949,182.41
427,Concrete Mixer,87.15,3.24,497.38
428,Loader,89.09,3.783,286.04
429,Loader,9.27,1.474,236.83
430,Crane,20.97,2.003,248.47
431,Dump Truck,16.16,1.559,404.78
432,Paver,22.07,2.561,171.0
433,Concrete Mixer,97.17,2.137,195.19
434,Dump Truck,57.41,3.932,378.18
435,Excavator,49.47,1.435,37.42
436,Loader,98.52,4.008,432.72
437,Grader,57.91,1.183,215.67
438,Paver,67.81,1.808,291.07
439,Paver,36.61,4.168,378.98
440,Concrete Mixer,41.3,3.971,133.76
441,Grader,61.47,2.905,445.27
442,Bulldozer,11.63,1.2,489.63
443,Excavator,29.31,3.44,247.64
444,Crane,23.7,2.627,468.53
445,Crane,6.51,2.266,1.56
446,Dump Truck,56.01,3.562,447.22
447,Loader,58.3,2.746,156.21
448,Dump Truck,41.47,1.37,156.44
449,Bulldozer,30.53,4.664,114.82
450,Bulldozer,66.95,4.114,159.19
451,Paver,17.79,1.226,107.53
452,Crane,54.27,3.1,453.03
453,Grader,77.97,1.334,449.61
454,Concrete Mixer,20.61,4.349,52.0
455,Crane,76.56,3.452,72.29
456,Crane,77.28,1.69,431.15
457,Grader,10.69,1.083,200.07
458,Paver,6.78,1.126,85.47
459,Paver,97.52,3.029,255.82
460,Grader,23.37,3.937,208.92
461,Bulldozer,83.1,1.483,110.36
462,Grader,58.38,1.885,360.66
463,Dump Truck,30.12,2.309,316.01
464,Bulldozer,17.35,1.872,50.73
465,Grader,52.18,2.565,462.77
466,Loader,43.7,3.238,279.68
467,Bulldozer,71.39,3.74,125.85
468,Bulldozer,90.9,4.855,103.94
469,Crane,81.5,4.723,68.84
470,Concrete Mixer,31.07,3.281,212.89
471,Crane,88.5,3.937,68.63
472,Excavator,84.17,4.803,208.49
473,Bulldozer,93.27,1.334,75.24
474,Grader,48.57,1.023,328.75
475,Grader,78.01,1.119,392.84
476,Grader,61.21,3.253,275.21
477,Bulldozer,34.5,4.051,340.35
478,Grader,99.47,2.468,469.25
479,Excavator,8.64,3.181,319.55
480,Bulldozer,20.42,3.065,182.71
481,Grader,89.79,1.379,225.29
482,Bulldozer,10.75,2.286,430.4
483,Loader,89.25,1.078,66.23
484,Bulldozer,72.95,1.443,163.54
485,Excavator,8.48,4.247,289.06
486,Crane,45.79,4.318,338.52
487,Bulldozer,76.67,4.208,381.99
488,Concrete Mixer,60.39,3.907,159.79
489,Excavator,93.91,4.173,73.78
490,Dump Truck,87.43,3.684,477.46
491,Loader,36.6,3.679,39.12
492,Excavator,13.04,3.669,48.81
493,Crane,94.7,3.056,247.98
494,Grader,54.14,2.453,409.82
495,Grader,12.07,3.921,387.48
496,Excavator,82.57,2.195,468.91
497,Dump Truck,87.51,3.172,71.66
498,Grader,65.75,2.733,188.49
499,Loader,47.51,2.106,141.79
500,Concrete Mixer,67.91,4.899,430.57
501,Dump Truck,72.13,2.035,244.69
502,Paver,89.84,2.237,14.4
503,Paver,95.81,1.646,354.27
504,Excavator,53.86,4.292,194.96
505,Dump Truck,80.86,3.346,266.04
506,Grader,96.63,3.452,447.0
507,Grader,19.37,4.282,129.11
508,Excavator,6.74,2.372,120.89
509,Grader,87.55,1.775,132.33
510,Grader,23.55,1.794,169.72
511,Concrete Mixer,9.04,3.93,54.57
512,Concrete Mixer,20.21,3.456,348.91
513,Crane,41.49,1.825,104.49
514,Concrete Mixer,25.83,1.58,463.15
515,Bulldozer,34.0,1.483,108.63
516,Dump Truck,97.65,3.511,128.57
517,Dump Truck,71.92,1.0,149.21
518,Excavator,72.66,1.073,384.5
519,Concrete Mixer,14.0,2.558,214.38
520,Crane,74.55,3.765,409.85
521,Grader,75.24,3.78,392.64
522,Crane,67.68,2.72,464.82
523,Crane,26.7,3.764,378.55
524,Loader,45.19,3.084,26.9
525,Grader,85.4,4.908,418.8
526,Bulldozer,68.67,1.65,469.1
527,Concrete Mixer,74.61,3.403,496.85
528,Grader,60.8,2.965,63.51
529,Crane,47.71,1.778,307.02
530,Grader,77.11,4.0,100.53
531,Bulldozer,11.45,2.102,131.99
532,Dump Truck,68.95,2.527,373.05
533,Excavator,99.73,2.499,488.86
534,Concrete Mixer,79.12,1.977,297.83
535,Concrete Mixer,32.6,2.723,425.44
536,Loader,31.39,2.893,5.43
537,Dump Truck,68.39,3.977,19.28
538,Concrete Mixer,90.11,4.06,298.77
539,Loader,59.91,1.634,195.1
540,Loader,55.1,3.371,444.99
541,Loader,20.24,4.585,151.69
542,Paver,72.97,1.435,216.59
543,Concrete Mixer,71.72,2.892,264.43
544,Concrete Mixer,96.86,4.001,137.25
545,Concrete Mixer,33.52,3.446,454.34
546,Bulldozer,76.86,1.402,232.8
547,Loader,46.24,2.586,212.65
548,Bulldozer,58.05,3.029,425.03
549,Excavator,82.56,4.983,156.68
550,Concrete Mixer,26.09,1.714,408.92
551,Paver,37.57,4.93,62.01
552,Grader,78.46,2.505,92.21
553,Dump Truck,59.19,1.801,475.47
554,Paver,13.78,2.656,421.38
555,Crane,45.87,3.456,194.56
556,Excavator,60.73,1.854,319.59
557,Grader,91.4,2.166,471.54
558,Crane,22.91,4.418,106.72
559,Crane,81.57,4.996,30.45
560,Concrete Mixer,17.41,2.273,269.2
561,Dump Truck,28.01,1.595,72.16
562,Crane,28.12,4.173,94.47
563,Loader,88.36,3.402,445.88
564,Grader,23.91,1.402,4.69
565,Paver,79.76,4.787,408.59
566,Paver,48.87,1.312,258.96
567,Crane,99.91,3.501,280.09
568,Excavator,84.71,2.696,336.21
569,Dump Truck,75.27,3.226,216.29
570,Dump Truck,87.72,1.853,58.69
571,Paver,65.23,3.752,52.31
572,Crane,85.15,4.839,377.43
573,Dump Truck,29.81,2.834,111.3
574,Excavator,14.28,3.092,15.02
575,Paver,63.51,1.959,489.83
576,Grader,46.3,4.567,490.22
577,Excavator,45.51,4.885,189.69
578,Excavator,55.04,4.145,13.74
579,Loader,39.33,3.171,363.91
580,Concrete Mixer,64.48,4.827,415.68
581,Crane,7.9,1.615,63.38
582,Grader,97.14,2.914,68.59
583,Paver,92.85,3.15,411.29
584,Dump Truck,93.85,2.968,461.03
585,Excavator,39.68,4.21,395.59
586,Paver,55.53,3.682,101.17
587,Crane,95.64,1.507,206.35
588,Grader,90.72,2.386,300.82
589,Grader,80.07,2.356,80.99
590,Crane,43.7,3.263,106.09
591,Concrete Mixer,58.61,2.166,142.16
592,Loader,80.33,1.469,255.25
593,Dump Truck,30.94,3.615,255.89
594,Loader,64.51,4.404,407.33
595,Grader,83.65,4.726,376.75
596,Dump Truck,72.21,4.89,456.95
597,Grader,50.55,4.124,416.62
598,Excavator,60.54,1.559,127.68
599,Excavator,98.92,4.412,166.32
600,Crane,62.19,2.6,250.71
601,Dump Truck,79.63,3.92,8.12
602,Dump Truck,74.03,3.125,452.05
603,Grader,71.64,4.314,23.13
604,Loader,73.06,2.702,161.9
605,Excavator,48.17,1.247,285.02
606,Bulldozer,50.05,3.227,259.4
607,Crane,49.45,1.685,327.58
608,Paver,8.16,4.862,264.23
609,Dump Truck,27.9,3.108,115.27
610,Concrete Mixer,19.68,3.214,101.34
611,Concrete Mixer,89.21,4.629,453.72
612,Bulldozer,31.12,3.498,132.72
613,Excavator,18.15,2.211,141.21
614,Excavator,16.38,2.184,207.06
615,Excavator,71.5,3.006,70.58
616,Loader,5.58,4.466,254.13
617,Grader,49.77,4.179,332.85
618,Concrete Mixer,16.29,4.851,393.21
619,Excavator,85.72,1.288,356.02
620,Concrete Mixer,96.05,2.073,74.67
621,Bulldozer,96.08,1.321,228.58
622,Crane,46.99,4.004,20.25
623,Grader,66.23,1.563,9.88
624,Loader,61.97,1.4,220.63
625,Dump Truck,38.25,3.247,127.23
626,Bulldozer,47.19,2.646,342.0
627,Grader,11.11,3.86,362.4
628,Concrete Mixer,80.59,2.948,447.81
629,Bulldozer,27.88,2.701,380.58
630,Dump Truck,48.75,2.702,25.07
631,Grader,50.66,4.488,186.44
632,Loader,58.27,2.581,137.24
633,Paver,82.7,2.334,193.68
634,Crane,70.73,2.354,80.88
635,Dump Truck,67.99,1.786,49.75
636,Grader,55.04,4.443,260.97
637,Loader,14.12,1.587,360.47
638,Concrete Mixer,43.19,4.634,351.25
639,Dump Truck,95.95,2.134,226.02
640,Paver,99.58,4.598,261.62
641,Bulldozer,74.4,4.163,258.65
642,Excavator,26.61,3.328,346.09
643,Bulldozer,14.68,3.678,24.91
644,Concrete Mixer,44.4,2.303,355.24
645,Grader,86.37,3.297,291.52
646,Paver,73.58,2.17,99.86
647,Crane,88.97,2.609,25.48
648,Dump Truck,63.5,4.059,55.16
649,Grader,17.38,1.976,262.82
650,Crane,15.91,4.355,379.45
651,Concrete Mixer,9.56,2.504,167.99
652,Dump Truck,58.87,3.129,190.18
653,Loader,28.07,4.768,467.14
654,Loader,74.77,3.725,107.29
655,Grader,70.19,3.582,52.77
656,Bulldozer,35.22,3.846,172.36
657,Grader,21.8,4.672,373.22
658,Bulldozer,14.73,1.994,313.41
659,Paver,75.04,3.453,208.48
660,Concrete Mixer,47.79,2.602,482.41
661,Loader,35.74,1.047,367.76
662,Paver,86.38,1.501,31.87
663,Dump Truck,61.39,2.3,372.57
664,Loader,54.21,3.26,13.0
665,Bulldozer,75.62,4.526,325.51
666,Grader,82.48,4.164,106.03
667,Concrete Mixer,70.18,3.213,348.52
668,Loader,46.8,1.295,155.58
669,Paver,41.03,2.144,436.63
670,Concrete Mixer,78.31,2.467,169.12
671,Paver,54.2,3.487,310.23
672,Loader,71.92,1.26,143.68
673,Grader,89.59,3.121,458.69
674,Crane,92.01,4.606,390.72
675,Grader,31.38,3.822,122.41
676,Loader,22.85,4.188,474.45
677,Bulldozer,29.82,3.727,179.22
678,Grader,76.38,1.826,326.28
679,Dump Truck,40.16,1.442,371.68
680,Bulldozer,21.47,4.318,12.43
681,Bulldozer,14.35,3.782,479.52
682,Bulldozer,36.09,3.3,172.88
683,Concrete Mixer,17.93,1.757,95.7
684,Excavator,19.86,3.413,425.5
685,Excavator,69.97,1.125,351.75
686,Crane,6.87,1.475,44.28
687,Paver,16.17,2.248,59.41
688,Paver,85.21,2.775,357.88
689,Bulldozer,85.27,1.482,38.32
690,Excavator,36.28,1.48,458.67
691,Crane,13.36,3.904,371.03
692,Concrete Mixer,71.97,3.279,168.41
693,Bulldozer,39.21,3.135,182.11
694,Dump Truck,9.32,2.81,253.74
695,Concrete Mixer,19.99,4.906,181.12
696,Crane,18.04,1.199,391.95
697,Concrete Mixer,60.97,1.723,487.39
698,Dump Truck,90.32,3.59,292.68
699,Paver,80.34,1.545,223.57
700,Concrete Mixer,56.92,3.358,112.16
701,Crane,45.1,3.271,327.06
702,Paver,63.77,4.884,343.1
703,Paver,47.16,4.534,342.91
704,Paver,28.38,4.782,14.47
705,Dump Truck,69.52,1.454,449.66
706,Dump Truck,87.96,4.473,169.72
707,Paver,40.42,1.516,372.34
708,Concrete Mixer,84.95,3.532,380.14
709,Dump Truck,45.95,3.88,325.63
710,Grader,43.13,1.643,198.04
711,Concrete Mixer,7.69,3.531,304.58
712,Bulldozer,71.05,1.21,21.06
713,Dump Truck,81.71,2.173,381.19
714,Concrete Mixer,68.04,4.685,50.69
715,Bulldozer,19.38,1.687,198.98
716,Dump Truck,14.81,1.261,52.71
717,Bulldozer,59.42,2.775,418.7
718,Loader,43.14,4.402,275.6
719,Dump Truck,45.76,1.307,345.79
720,Loader,96.94,2.422,341.61
721,Crane,73.77,4.599,420.96
722,Crane,44.12,1.473,67.15
723,Concrete Mixer,6.81,2.243,330.2
724,Excavator,8.24,4.114,287.99
725,Loader,70.06,3.173,16.42
726,Loader,84.59,4.329,101.51
727,Crane,72.23,1.446,134.52
728,Loader,43.56,4.682,37.21
729,Excavator,7.96,4.74,178.01
730,Paver,96.9,1.621,14.57
731,Bulldozer,98.7,1.136,277.04
732,Bulldozer,57.19,4.959,106.54
733,Excavator,11.71,2.929,144.21
734,Loader,56.39,3.288,455.33
735,Loader,89.77,3.464,251.91
736,Loader,69.6,4.159,135.24
737,Grader,73.4,4.248,299.63
738,Concrete Mixer,13.07,1.776,101.63
739,Dump Truck,15.12,1.947,38.12
740,Excavator,17.1,4.507,11.43
741,Excavator,90.92,4.278,475.81
742,Grader,54.96,3.47,362.58
743,Excavator,80.2,4.979,400.17
744,Paver,15.95,3.941,490.48
745,Paver,93.13,1.863,465.88
746,Excavator,83.01,4.387,368.72
747,Grader,26.35,2.659,347.3
748,Excavator,88.05,1.145,169.09
749,Loader,30.03,2.286,52.9
750,Grader,24.51,4.054,287.29
751,Concrete Mixer,30.1,4.841,288.55
752,Crane,91.45,2.105,476.17
753,Loader,91.98,1.986,221.84
754,Paver,36.25,3.254,345.71
755,Loader,72.02,4.247,287.91
756,Dump Truck,69.2,3.986,89.2
757,Grader,81.62,3.24,296.44
758,Paver,33.17,3.526,270.52
759,Crane,53.46,1.968,247.46
760,Excavator,68.43,2.73,257.2
761,Crane,7.49,2.021,82.83
762,Concrete Mixer,40.79,4.538,232.28
763,Bulldozer,71.11,1.45,303.22
764,Loader,29.0,3.719,245.24
765,Grader,95.98,2.041,244.85
766,Grader,7.87,2.902,39.68
767,Crane,96.02,2.198,96.2
768,Dump Truck,25.59,2.293,161.17
769,Paver,9.64,2.042,210.25
770,Concrete Mixer,32.79,4.011,297.37
771,Bulldozer,79.7,2.463,431.81
772,Concrete Mixer,76.48,3.905,80.42
773,Grader,24.84,2.824,8.53
774,Excavator,23.7,3.189,225.17
775,Bulldozer,66.05,3.173,216.62
776,Paver,48.52,4.903,276.4
777,Paver,80.27,2.468,416.78
778,Grader,7.29,1.831,401.38
779,Dump Truck,62.99,4.647,50.92
780,Bulldozer,74.41,1.699,467.06
781,Grader,99.37,4.338,56.1
782,Dump Truck,69.48,1.601,317.65
783,Excavator,27.03,3.635,336.53
784,Dump Truck,15.28,1.602,340.26
785,Concrete Mixer,65.89,4.692,133.41
786,Crane,54.7,3.26,165.84
787,Concrete Mixer,90.42,2.317,274.79
788,Paver,74.03,1.561,100.59
789,Grader,53.43,2.485,11.13
790,Grader,43.34,3.82,281.51
791,Loader,43.42,2.54,233.17
792,Concrete Mixer,26.5,1.984,328.71
793,Bulldozer,6.65,3.31,74.2
794,Paver,59.62,2.671,420.62
795,Excavator,25.18,1.663,73.96
796,Paver,24.79,1.616,445.78
797,Loader,16.91,3.83,225.31
798,Loader,23.01,4.899,275.35
799,Loader,8.02,1.932,448.39
800,Grader,69.05,4.093,150.66
801,Crane,43.13,1.35,91.73
802,Dump Truck,58.34,2.526,223.43
803,Bulldozer,65.51,3.027,122.94
804,Paver,97.39,2.075,264.39
805,Grader,11.49,3.118,138.35
806,Paver,44.7,4.53,432.38
807,Excavator,28.36,4.778,304.05
808,Grader,50.29,1.402,1.12
809,Crane,92.44,2.087,402.93
810,Paver,73.78,4.917,165.78
811,Grader,67.89,2.082,160.78
812,Grader,46.92,3.771,192.15
813,Concrete Mixer,68.76,2.014,315.5
814,Excavator,8.08,2.425,221.59
815,Loader,60.69,1.765,314.69
816,Excavator,57.61,4.425,74.24
817,Excavator,37.93,4.531,485.11
818,Concrete Mixer,24.14,2.188,365.07
819,Dump Truck,81.72,4.294,125.85
820,Grader,10.12,2.433,362.36
821,Bulldozer,11.62,1.396,287.94
822,Loader,46.85,4.032,55.49
823,Paver,28.99,3.386,89.92
824,Dump Truck,75.82,2.098,21.61
825,Crane,65.25,2.012,404.81
826,Grader,78.39,4.902,276.3
827,Loader,35.84,4.45,159.06
828,Bulldozer,75.35,4.239,64.05
829,Grader,86.92,1.512,242.54
830,Crane,37.8,4.021,263.11
831,Concrete Mixer,37.29,1.858,351.27
832,Dump Truck,90.5,4.91,485.0
833,Grader,9.73,1.208,218.04
834,Loader,38.27,2.409,203.61
835,Excavator,16.27,2.715,185.6
836,Paver,7.75,4.297,413.64
837,Paver,15.72,4.065,79.0
838,Paver,45.97,2.5,172.56
839,Bulldozer,70.26,3.262,362.76
840,Grader,32.48,4.342,8.83
841,Paver,85.72,1.073,145.4
842,Loader,46.57,4.209,321.08
843,Excavator,96.98,4.788,93.79
844,Loader,95.64,1.128,152.05
845,Grader,78.46,1.182,243.54
846,Crane,93.58,2.378,211.59
847,Excavator,72.17,1.351,53.91
848,Excavator,90.08,2.917,469.18
849,Loader,27.47,3.915,23.1
850,Concrete Mixer,37.81,3.268,375.12
851,Grader,76.53,1.786,36.64
852,Paver,45.33,3.619,234.18
853,Concrete Mixer,84.55,3.739,88.53
854,Dump Truck,88.38,4.73,71.41
855,Paver,33.47,1.587,63.82
856,Crane,83.23,3.769,226.94
857,Concrete Mixer,19.66,4.646,258.23
858,Loader,36.75,3.006,67.56
859,Grader,54.21,2.447,489.72
860,Concrete Mixer,26.51,1.683,129.63
861,Dump Truck,60.03,4.467,229.96
862,Bulldozer,59.98,2.577,108.92
863,Dump Truck,24.66,4.7,247.47
864,Excavator,80.59,4.391,378.25
865,Paver,65.01,2.507,261.03
866,Grader,35.19,3.296,143.54
867,Excavator,27.06,1.109,124.95
868,Concrete Mixer,88.48,2.053,379.71
869,Concrete Mixer,84.4,3.841,60.0
870,Dump Truck,26.83,3.712,185.61
871,Dump Truck,8.38,2.413,76.59
872,Loader,81.43,4.234,129.73
873,Crane,63.47,1.943,77.19
874,Loader,14.58,2.845,443.5
875,Excavator,60.8,2.89,366.22
876,Loader,47.96,2.363,280.9
877,Dump Truck,78.58,4.819,112.99
878,Grader,24.86,3.787,255.6
879,Loader,48.05,3.157,260.9
880,Bulldozer,19.84,3.042,295.61
881,Paver,95.97,1.637,30.98
882,Crane,78.98,2.489,486.48
883,Dump Truck,74.99,3.691,233.25
884,Grader,70.57,4.698,463.34
885,Concrete Mixer,45.22,4.266,5.89
886,Paver,92.71,2.202,124.53
887,Loader,11.93,2.736,52.89
888,Dump Truck,81.31,1.332,385.04
889,Concrete Mixer,25.45,1.409,160.74
890,Concrete Mixer,35.78,2.881,420.41
891,Excavator,54.35,3.121,416.36
892,Excavator,79.35,2.056,334.23
893,Grader,84.66,3.571,333.23
894,Dump Truck,60.45,3.814,350.38
895,Paver,43.29,2.196,337.21
896,Grader,94.92,4.034,194.07
897,Dump Truck,28.42,1.822,341.73
898,Bulldozer,81.29,3.177,448.81
899,Crane,63.14,4.217,166.95
900,Crane,40.81,3.148,472.5
901,Paver,5.13,4.632,7.78
902,Dump Truck,47.43,1.234,175.19
903,Excavator,31.29,3.353,66.92
904,Paver,14.91,3.247,64.18
905,Loader,12.14,3.641,407.9
906,Grader,38.02,4.334,459.27
907,Bulldozer,63.4,3.903,389.1
908,Crane,84.56,4.161,488.33
909,Dump Truck,22.44,2.155,108.95
910,Excavator,45.34,2.55,71.26
911,Excavator,42.24,3.507,260.83
912,Excavator,53.77,3.214,414.69
913,Grader,81.91,4.844,20.88
914,Loader,57.6,1.747,497.79
915,Concrete Mixer,85.43,2.405,301.52
916,Paver,54.26,3.291,489.49
917,Grader,62.37,4.472,183.18
918,Loader,46.55,4.717,229.55
919,Excavator,83.19,2.344,376.43
920,Dump Truck,92.76,1.268,396.56
921,Paver,65.72,2.686,117.28
922,Bulldozer,82.97,2.577,464.97
923,Loader,10.61,4.946,433.84
924,Dump Truck,91.08,2.724,10.08
925,Grader,22.95,2.223,65.16
926,Grader,29.37,2.462,248.55
927,Paver,10.07,2.588,231.02
928,Excavator,96.71,4.286,354.49
929,Bulldozer,85.94,1.324,45.77
930,Crane,91.75,2.266,322.78
931,Crane,85.49,4.865,308.57
932,Grader,50.56,1.612,117.58
933,Dump Truck,92.79,3.97,271.65
934,Bulldozer,97.1,2.426,111.88
935,Dump Truck,52.74,3.327,74.31
936,Bulldozer,21.68,1.398,286.99
937,Bulldozer,67.57,2.226,488.76
938,Grader,97.67,3.003,119.23
939,Dump Truck,87.85,1.927,178.31
940,Grader,86.87,3.167,129.03
941,Paver,93.71,1.879,133.96
942,Bulldozer,89.93,3.6,202.69
943,Loader,78.75,4.617,351.23
944,Excavator,73.24,1.342,20.36
945,Paver,30.15,1.866,478.6
946,Bulldozer,64.03,4.378,24.09
947,Loader,54.54,3.526,440.75
948,Bulldozer,86.88,1.315,447.29
949,Loader,51.71,2.945,262.72
950,Dump Truck,17.14,1.839,69.36
951,Crane,5.47,1.796,283.01
952,Concrete Mixer,69.4,4.763,314.69
953,Paver,57.24,4.046,429.02
954,Bulldozer,36.44,3.785,275.9
955,Concrete Mixer,21.05,1.956,205.94
956,Bulldozer,49.34,1.474,419.31
957,Dump Truck,14.53,4.483,490.49
958,Dump Truck,36.93,1.024,322.91
959,Loader,41.03,2.552,437.32
960,Bulldozer,49.23,2.11,299.77
961,Dump Truck,49.33,3.282,345.2
962,Dump Truck,29.42,2.002,344.4
963,Bulldozer,85.77,2.245,352.69
964,Loader,38.78,4.4,161.19
965,Loader,26.81,3.413,288.26
966,Loader,21.7,1.583,297.47
967,Loader,35.64,3.906,158.22
968,Crane,11.42,1.83,175.58
969,Bulldozer,8.13,2.732,381.36
970,Grader,62.49,3.586,291.78
971,Crane,63.82,2.088,75.46
972,Dump Truck,55.31,2.536,418.98
973,Crane,77.42,3.937,441.67
974,Paver,8.72,4.752,233.6
975,Grader,93.92,3.117,105.24
976,Grader,14.03,1.04,473.86
977,Grader,69.03,2.354,441.25
978,Loader,17.67,2.595,122.95
979,Dump Truck,88.59,2.357,48.7
980,Crane,53.52,2.745,220.89
981,Crane,12.82,3.531,338.52
982,Paver,63.59,1.485,88.52
983,Bulldozer,5.87,2.091,257.09
984,Crane,78.72,3.031,213.28
985,Paver,66.81,2.262,445.39
986,Dump Truck,25.2,4.964,215.35
987,Loader,40.6,2.726,267.35
988,Bulldozer,5.74,4.479,477.69
989,Paver,70.9,4.586,150.55
990,Crane,35.65,4.344,145.21
991,Bulldozer,59.3,1.188,400.0
992,Concrete Mixer,95.89,4.791,139.49
993,Bulldozer,33.45,1.515,416.1
994,Grader,99.07,1.138,48.67
995,Loader,65.11,2.657,56.52
996,Grader,28.0,1.779,450.76
997,Concrete Mixer,46.49,1.737,270.87
998,Grader,75.34,2.151,359.69
999,Concrete Mixer,47.42,1.994,113.42
1000,Bulldozer,11.51,3.739,83.97
