plan_id,materials_used,equipment_used,energy_consumption,transport_emissions,material_emissions,total_cost,total_co2,material_strength_score,construction_time_days
1,7,16,3895.18,647.3,3780.33,450488.32,2405.02,93.74,62
2,27,11,4801.79,926.89,2013.25,728479.14,5773.87,1.28,691
3,13,14,6042.88,466.51,1721.69,339998.42,2986.89,72.59,168
4,17,14,5752.68,374.98,2550.45,954129.4,4252.14,38.12,301
5,32,2,486.01,1558.0,3547.69,77934.09,4891.61,52.25,225
6,26,13,7531.82,409.32,2851.04,644538.71,5962.75,29.15,156
7,22,3,9496.92,1588.7,4013.99,779516.59,2547.96,32.13,378
8,13,18,3551.94,864.14,3150.52,474434.65,1673.24,1.52,73
9,12,4,1879.49,1990.15,3941.97,757418.67,4015.71,72.98,273
10,7,19,5446.02,402.71,3486.94,927641.29,866.16,71.08,38
11,1,16,7078.64,195.03,973.68,746553.96,5291.31,65.44,108
12,33,4,6821.16,160.11,271.25,316273.2,8404.07,87.8,219
13,14,19,6159.88,1672.48,4517.95,566227.91,1233.81,90.13,115
14,47,15,1547.7,881.17,4728.82,912487.48,1171.67,55.64,514
15,43,1,8384.57,16.22,3637.39,454606.75,848.17,68.48,300
16,41,16,4313.65,1750.8,3623.79,684881.51,8486.22,1.1,542
17,17,15,2292.54,1755.07,1358.03,470859.58,853.01,84.63,49
18,4,16,954.03,1614.77,2716.78,130130.72,9835.45,81.64,518
19,39,1,4225.52,504.15,4961.28,68011.66,3615.4,2.02,159
20,1,17,6217.93,751.78,4282.16,952751.22,3321.18,54.28,672
21,41,5,6687.24,1492.4,1528.93,616416.36,961.74,90.67,36
22,45,5,9631.1,983.81,1512.22,112776.76,5877.13,18.14,339
23,24,7,1616.17,316.11,2423.05,858864.17,5879.53,35.26,656
24,34,13,9859.16,493.17,2028.95,527466.21,4963.37,33.11,502
25,34,12,6581.29,1945.45,1862.05,774212.79,3144.65,35.59,131
26,24,4,4596.87,310.52,3138.59,135488.63,3717.38,4.19,367
27,15,4,8893.12,1454.9,67.35,907841.33,3239.01,27.9,348
28,17,6,6975.35,961.26,3819.06,594630.09,4290.16,29.49,542
29,13,15,3552.3,1499.72,3702.86,740878.07,3450.79,86.59,54
30,7,19,8852.45,1325.62,4153.33,41065.89,6771.4,35.21,459
31,9,6,6699.49,883.94,4208.84,322151.85,2993.08,44.72,172
32,44,12,7018.49,714.28,2836.33,274770.96,3540.84,38.07,686
33,35,14,8974.26,1511.17,3902.57,950099.05,4382.83,12.07,178
34,23,18,4539.32,653.05,2467.05,193485.18,89.42,99.04,84
35,47,12,6603.35,1577.67,4758.13,709981.21,4946.22,82.58,500
36,39,15,7472.42,1362.89,961.59,52326.0,2595.41,54.09,392
37,23,19,4594.01,1159.56,4578.93,205707.24,608.7,47.64,679
38,26,8,926.18,743.91,1300.07,345211.38,9114.66,64.93,238
39,1,9,7737.25,418.11,522.59,796560.79,3258.07,32.64,214
40,14,5,573.38,1423.74,2201.13,792076.81,4289.55,5.03,94
41,32,5,7207.35,191.78,3078.44,953075.84,8282.06,40.43,578
42,48,6,9117.66,1941.38,1162.64,917599.83,1709.55,98.4,141
43,10,3,3534.99,1957.71,2783.42,90699.45,8510.57,18.23,292
44,1,5,1110.41,269.14,4041.39,831569.04,2454.3,52.77,105
45,5,1,2405.35,216.83,1292.85,456661.84,5910.93,0.85,325
46,3,11,5666.59,831.31,2905.81,867227.23,6872.5,12.2,207
47,49,1,9432.33,1927.73,1703.17,98393.39,9054.89,58.72,30
48,27,7,5171.6,806.62,2653.54,824541.41,6096.0,29.74,177
49,22,15,1216.1,733.97,3337.93,168046.09,4559.66,90.57,700
50,18,17,6315.05,1410.13,1758.61,340503.21,5744.08,40.62,691
51,16,8,7355.16,365.68,4972.47,38559.92,2060.72,20.8,158
52,2,2,3993.51,733.01,2823.24,132490.81,6906.29,54.56,667
53,47,13,7242.99,589.7,4124.06,451268.63,1909.46,79.5,542
54,13,12,3315.75,1207.05,3628.42,820154.95,5594.61,1.94,658
55,45,5,7911.99,333.88,4265.5,775933.07,6493.66,50.55,531
56,16,13,3476.61,1101.92,877.27,242944.78,8990.9,77.34,178
57,8,6,2635.46,1716.52,1120.54,160173.54,4529.39,10.36,298
58,43,15,8803.9,1033.2,2442.18,395370.83,7764.57,90.28,682
59,8,11,5529.89,1370.16,4263.12,884435.66,1716.93,26.45,134
60,10,4,2923.05,159.74,996.06,100510.82,1604.15,17.06,495
61,33,1,9357.36,903.52,4855.62,547484.87,5271.74,58.93,310
62,31,15,6939.43,198.84,646.74,97919.4,5983.59,17.5,436
63,12,12,2284.93,1202.93,883.64,475510.0,6341.79,67.97,642
64,9,9,6184.96,569.3,844.5,135523.6,7469.46,49.01,387
65,37,11,8716.55,581.66,2934.17,89533.57,2984.57,11.0,704
66,9,5,6991.92,162.77,4588.53,198940.84,6244.95,91.25,232
67,48,7,2523.12,627.37,1283.01,262703.46,1921.98,67.32,641
68,18,8,6523.6,1018.29,2769.65,283502.73,2229.03,54.6,310
69,30,1,6229.68,1173.47,887.1,648815.27,719.72,37.43,286
70,32,1,8226.35,142.66,3159.37,64432.06,7482.66,13.49,123
71,40,3,1863.51,1306.4,625.0,90000.97,5094.58,70.75,353
72,23,8,7026.38,982.86,2461.64,196819.1,2419.95,81.37,391
73,11,11,370.97,1078.45,3279.36,873342.44,5584.57,12.58,691
74,20,1,6992.14,1667.27,2899.85,632318.88,3574.69,49.46,380
75,19,14,9608.33,691.03,708.6,733065.96,8380.24,48.48,91
76,36,1,1826.44,356.36,815.25,376658.53,5305.07,34.99,670
77,26,6,3181.87,1108.1,3360.24,221088.15,346.62,78.93,216
78,10,6,5870.43,1890.59,4046.46,47581.75,9851.7,9.95,609
79,24,3,7350.71,1040.56,4541.29,493650.26,789.27,20.5,571
80,13,10,3509.28,1665.51,4069.92,578538.15,6974.78,0.16,333
81,46,12,6676.16,1516.49,4869.88,898032.77,4400.7,37.3,668
82,34,10,9002.86,1041.48,2047.18,883272.05,2530.71,29.12,465
83,29,2,7292.93,1298.63,1662.52,430438.31,6780.76,86.7,242
84,36,13,7139.12,819.29,150.64,429342.15,1302.68,74.58,435
85,7,16,3881.51,1065.95,2254.98,169511.67,8589.55,8.45,163
86,30,13,9123.15,1019.5,3260.34,264874.5,2543.59,74.1,248
87,17,4,2845.5,1421.13,4078.89,926406.94,3646.46,67.54,450
88,48,4,2132.28,825.86,1344.6,149625.65,6344.8,28.17,348
89,13,11,3705.82,208.54,2572.82,969012.55,60.24,1.55,186
90,24,14,6536.55,1579.53,3313.43,509691.16,4753.85,11.52,217
91,31,3,8630.61,1372.86,2762.5,462040.71,8947.78,24.99,505
92,27,19,1407.58,1900.75,1377.36,182892.0,6820.14,81.66,191
93,21,1,8156.64,863.15,3983.45,664925.84,3909.61,46.53,158
94,44,5,8146.95,165.63,875.07,465247.06,6621.22,91.84,333
95,1,17,5910.5,252.02,4525.85,376956.44,9368.87,78.91,118
96,15,1,7630.41,1548.91,4763.46,271871.06,1918.66,28.71,191
97,3,19,1900.62,144.84,1834.21,75821.93,5341.49,84.54,65
98,6,19,1778.9,1816.57,1887.15,524134.84,2385.64,11.67,256
99,14,4,8641.72,570.48,3718.96,319779.25,8549.54,3.61,180
100,38,19,5031.67,1798.77,2286.88,710786.55,7224.45,60.85,622
101,33,6,2534.78,1549.28,152.76,726287.13,8020.71,34.17,76
102,38,15,6918.43,1743.69,4600.18,338785.94,9432.97,32.94,689
103,8,4,8929.56,435.94,2159.44,672429.48,2361.47,68.72,260
104,26,1,6359.99,1195.43,1025.44,266088.49,534.76,85.01,568
105,15,17,3538.72,196.24,2782.76,729901.99,2944.49,32.22,194
106,14,11,4884.05,412.54,1102.34,25916.37,4021.44,32.5,616
107,48,17,7547.47,626.71,1038.05,160092.68,6270.34,53.39,633
108,20,1,768.26,1484.22,2733.2,252558.58,7987.16,65.32,603
109,48,9,2249.93,59.18,1961.3,775206.13,3530.54,20.29,95
110,19,14,4679.57,1807.2,2869.24,75712.49,4761.3,91.27,109
111,33,15,6081.99,150.9,4984.16,196176.57,7865.4,65.44,169
112,36,1,3457.74,759.22,4296.5,365037.86,2292.02,62.52,429
113,24,2,3054.07,171.37,48.28,19083.24,2210.46,90.42,159
114,10,18,509.7,1540.25,262.27,764499.77,5912.87,90.73,475
115,34,18,422.76,291.22,3054.3,564504.1,4388.77,13.56,58
116,36,6,2859.08,1770.67,3135.02,901672.59,9491.52,14.51,231
117,47,8,5352.01,1065.14,4392.17,40720.72,3602.45,76.19,266
118,36,1,5608.08,1897.46,3149.0,278676.78,7607.58,95.69,628
119,16,15,4990.87,587.82,1146.3,733939.14,5851.77,66.65,637
120,15,10,4157.82,914.09,2347.9,678397.93,593.03,41.13,368
121,18,4,2597.69,1391.55,4046.84,250626.87,889.64,68.35,428
122,7,10,4066.87,1665.51,4614.9,599730.86,2071.41,22.88,468
123,47,11,1473.72,848.5,1192.21,795820.08,1474.37,99.8,318
124,22,5,1241.07,1785.94,2702.63,43046.9,3327.25,43.11,281
125,32,9,3069.44,244.79,803.05,720452.11,5810.94,93.17,129
126,43,5,9953.95,1420.28,2490.03,259576.09,6043.51,43.08,614
127,19,11,3332.32,702.92,459.67,948372.78,5898.29,92.81,451
128,40,3,9370.92,211.66,4709.22,542838.02,1220.21,33.57,672
129,1,4,3983.4,779.46,3193.9,43052.32,6022.24,76.05,47
130,35,10,4446.2,1761.63,4272.54,409396.31,4126.98,95.1,500
131,5,7,7990.92,1961.26,4991.49,966648.74,9035.37,64.6,667
132,12,1,1027.02,791.67,921.5,733069.26,9124.24,67.76,36
133,12,6,1904.9,1773.97,3473.78,307474.21,7693.33,10.29,448
134,21,8,9741.02,1024.21,4436.06,579514.62,7045.92,47.42,409
135,19,17,5108.58,1436.86,2883.93,603110.34,1193.78,88.68,537
136,9,7,538.67,100.29,3202.08,33114.68,892.71,24.09,143
137,43,1,569.07,1119.05,2044.28,187045.03,8416.3,78.84,540
138,49,9,9081.68,149.62,3377.06,556259.17,4298.81,67.57,625
139,48,11,8746.31,544.55,1983.93,408725.03,4541.05,22.3,643
140,36,19,4638.15,1137.96,2388.33,198137.44,8485.54,28.28,498
141,42,2,1715.9,1616.26,523.53,774942.05,6233.24,42.76,122
142,47,11,8319.82,1126.18,48.96,494104.93,1835.1,12.51,521
143,32,3,3313.54,1873.02,285.2,316873.41,2149.58,91.34,131
144,35,17,4248.68,1622.56,970.68,170060.57,113.45,73.94,522
145,31,10,6856.52,320.92,2288.45,615051.73,7121.17,36.5,565
146,32,3,3598.64,784.03,114.76,669598.69,4881.84,29.97,514
147,37,3,6323.83,1340.29,788.12,672901.24,9502.14,68.96,508
148,32,7,8864.3,1877.43,3909.41,228084.49,7154.43,42.42,196
149,43,2,7994.0,1975.55,3813.21,599385.02,1076.37,22.93,169
150,37,1,3877.95,1528.74,3950.75,906352.4,1657.34,43.02,123
151,39,7,2950.57,1151.8,4608.49,359655.72,5042.16,87.13,210
152,38,11,2926.55,1515.65,604.16,218659.26,9252.5,6.86,605
153,30,6,3551.05,553.74,824.07,774428.02,2510.15,36.84,33
154,32,4,4985.82,574.37,1674.43,185114.11,8264.52,96.23,635
155,45,19,4224.32,1312.16,4576.55,261211.23,3157.11,1.48,418
156,2,19,1416.74,1744.95,3879.63,109637.95,2735.48,89.06,301
157,11,14,1718.21,1939.92,1627.37,275195.57,9018.86,37.48,161
158,20,3,3495.0,689.26,447.3,416231.72,520.05,18.95,613
159,37,4,5664.43,1595.14,3085.74,73516.28,6624.37,1.5,622
160,9,8,5967.37,1704.55,1291.53,872991.82,479.52,7.05,541
161,38,18,4913.45,1250.11,2660.45,518538.04,8017.6,17.18,715
162,49,4,7413.88,701.71,4709.6,592222.6,8302.57,2.54,81
163,19,11,7398.76,1241.99,2867.36,377572.9,8938.9,33.58,319
164,40,16,4333.51,1173.05,4619.93,673136.88,1901.6,4.49,475
165,7,3,1331.96,1216.99,1971.26,437463.92,1288.76,69.22,266
166,5,7,5348.73,1242.33,3170.42,763700.64,5060.17,81.89,520
167,47,2,3876.54,1695.65,4470.51,823188.12,2752.74,88.75,309
168,42,1,1465.44,348.46,2944.06,675130.62,6082.66,54.91,73
169,24,1,9819.99,740.91,3078.34,496422.26,5161.79,94.65,388
170,48,6,3760.58,1176.14,3584.38,784446.66,1491.28,0.56,675
171,41,19,6295.4,573.82,4411.72,499342.46,7405.74,13.4,597
172,7,7,4952.28,1956.52,450.02,120394.81,8047.65,29.32,555
173,11,5,1514.0,533.67,1690.93,125176.82,9632.28,78.9,719
174,9,18,649.88,944.56,1994.45,949097.31,3985.61,88.54,491
175,49,13,6295.12,1755.96,4549.45,221427.38,3410.46,61.81,130
176,30,1,2545.52,169.33,4780.48,817765.74,1963.01,38.32,490
177,41,10,2512.17,1643.17,610.7,254238.35,1849.61,66.58,297
178,3,9,9574.06,1146.31,604.35,436472.29,3244.48,18.09,391
179,22,17,4671.56,73.29,4674.96,658398.63,9819.08,45.79,437
180,40,1,391.32,1806.8,1485.9,167278.5,967.97,50.75,66
181,20,1,3464.44,88.0,1216.65,739874.02,2630.69,10.49,497
182,32,7,5886.47,1035.28,187.76,693013.84,905.49,3.39,288
183,48,4,3352.82,107.57,1385.22,547652.06,2772.63,75.01,538
184,7,12,365.83,151.69,3470.7,570230.86,969.39,53.47,696
185,7,16,4498.68,1775.54,2135.92,114714.08,5107.67,33.22,338
186,20,14,1148.47,1533.99,2589.18,441589.66,4411.64,43.72,641
187,25,10,6229.68,401.91,4587.31,95705.68,1781.8,95.77,302
188,45,14,6233.91,1244.73,582.3,314784.66,1789.34,38.49,654
189,35,7,473.82,1591.41,365.49,901309.02,6279.79,10.35,139
190,44,4,2977.6,1780.29,4261.13,578788.07,3901.86,46.36,684
191,24,2,4195.49,941.93,3876.53,745276.4,609.14,64.8,708
192,40,18,5547.61,1796.02,1326.03,578147.01,9205.92,1.21,289
193,13,16,3031.03,1020.62,1627.93,202294.39,4079.28,33.23,686
194,48,9,2948.69,1379.57,1558.29,598860.23,5930.92,39.35,297
195,39,5,9831.85,1958.27,3242.57,757834.2,8859.85,46.37,61
196,4,9,514.44,479.54,315.45,147020.95,4051.48,30.17,206
197,12,8,9891.55,345.36,2452.11,818737.64,8215.57,66.69,133
198,17,16,572.74,690.62,678.03,559838.26,9151.78,94.47,265
199,1,18,2954.58,337.15,4100.5,14232.45,1781.97,91.4,122
200,17,4,4987.54,575.48,1909.51,524580.7,8930.3,66.44,230
201,2,16,1518.65,1488.54,2642.59,401714.78,1242.33,50.69,626
202,6,4,1434.98,960.27,156.29,303482.05,2787.52,82.58,64
203,44,6,2637.5,756.33,300.74,773544.65,8091.7,83.59,146
204,11,3,9737.72,743.76,3378.52,900504.88,9011.81,82.96,717
205,43,18,3863.16,397.11,3836.19,765026.56,6857.18,15.78,487
206,18,15,5703.35,900.35,3553.08,848304.86,1093.02,2.54,500
207,40,8,7072.48,1253.02,3687.72,909693.13,5253.77,98.32,428
208,25,18,7448.0,286.92,532.05,913503.02,5747.71,95.97,626
209,39,3,6911.61,1945.9,3470.32,123491.76,2854.5,56.44,146
210,28,6,3435.59,892.13,916.92,461821.63,9913.39,99.31,391
211,46,15,1206.11,1896.44,499.1,10283.61,3389.5,77.05,233
212,16,12,2888.99,277.97,3788.23,511397.96,2142.03,51.74,175
213,12,5,2181.92,1536.76,4448.14,925001.5,1145.85,38.93,473
214,41,7,1449.15,1239.1,3586.38,207111.27,3816.09,59.29,646
215,29,15,342.52,1641.93,4029.81,643388.76,6941.56,51.58,326
216,23,7,9363.69,1205.35,4955.53,647935.26,2352.6,99.38,610
217,21,13,9218.24,1926.04,682.43,168750.44,7706.96,49.05,516
218,16,3,599.13,1257.59,4826.11,246142.16,1397.24,83.59,260
219,48,13,1813.54,1571.36,3009.98,467401.57,4432.66,81.36,232
220,41,3,1481.05,1756.39,4068.13,196327.28,7038.62,7.14,391
221,45,2,2884.11,1432.02,3254.34,589144.04,1396.33,8.7,424
222,26,4,2120.28,1053.23,2854.49,489696.31,5998.53,65.98,277
223,37,17,9463.95,552.91,3521.06,524006.2,7999.58,25.91,469
224,22,6,933.29,1710.44,1608.09,143122.88,5975.71,65.75,425
225,10,11,2195.54,966.35,4622.11,522079.31,5139.07,14.46,685
226,7,6,899.16,1245.21,585.31,58983.41,8391.08,39.71,385
227,9,2,9805.81,167.66,1596.98,882719.95,9854.93,10.25,430
228,25,17,9192.29,999.73,165.5,349817.19,1854.06,28.21,270
229,46,3,7194.65,1399.33,1363.9,857773.95,6928.9,8.83,370
230,15,12,4317.13,1172.3,1098.88,704639.81,852.54,97.06,258
231,13,14,1982.76,902.62,257.66,768510.86,476.27,39.51,572
232,42,2,2292.75,454.62,2463.95,321399.05,2844.15,90.12,650
233,46,5,4486.1,626.24,2348.49,235466.5,9710.65,97.12,568
234,26,10,7705.4,1404.24,397.95,412673.15,5544.35,90.96,701
235,21,10,2720.82,456.14,1316.63,33983.6,2719.3,45.5,558
236,23,9,3176.84,1247.24,4767.08,919568.12,1369.23,77.89,296
237,44,13,6039.45,1183.58,562.58,393144.12,9205.82,15.37,158
238,28,10,2453.52,1941.13,1532.04,988671.04,3655.55,9.48,249
239,38,6,5883.76,130.96,188.95,763834.93,3101.64,87.69,111
240,12,11,3932.6,225.16,752.95,89709.86,8586.74,3.11,590
241,24,4,440.25,1017.11,3499.99,663586.4,6063.81,97.23,582
242,13,14,4086.74,1058.95,1839.92,278130.77,1727.93,67.21,49
243,40,17,9203.3,89.46,2265.86,251281.46,4244.03,41.96,356
244,48,2,3001.81,1653.45,793.32,263997.04,9285.9,14.14,66
245,2,10,3296.04,994.5,3413.88,916914.3,9016.98,72.32,411
246,39,3,752.81,699.82,3760.09,504980.37,747.59,56.31,68
247,12,7,6188.97,644.52,913.75,672776.19,2722.7,71.11,138
248,39,7,8507.5,1724.2,234.52,288138.35,1587.67,41.79,458
249,14,1,3593.94,401.5,413.9,527724.91,5361.43,6.63,93
250,30,8,2478.43,329.23,3288.66,356599.14,7512.33,31.5,204
251,41,1,9570.46,434.23,686.2,327927.65,2990.65,31.5,61
252,43,8,7476.22,1253.79,2474.65,254499.16,7592.06,0.87,560
253,48,14,5714.92,1623.75,771.68,414916.83,6703.72,0.96,135
254,19,14,3124.76,668.65,859.04,663429.81,7295.81,33.08,511
255,31,2,2285.9,355.19,31.76,229823.34,9485.02,72.76,235
256,43,8,7185.87,426.3,1610.91,965789.55,4274.89,62.4,276
257,43,19,5265.71,1242.18,458.09,133365.56,3458.55,23.9,708
258,25,10,5253.94,499.61,1975.87,485405.14,6854.28,60.28,118
259,4,7,829.73,1755.79,2992.94,94177.93,8085.19,64.74,345
260,13,13,5170.73,216.74,1843.98,32438.67,1954.88,52.26,40
261,36,15,8245.17,74.41,3528.36,923450.55,8475.66,52.14,78
262,42,11,9473.31,185.87,3709.84,812280.95,625.63,36.97,602
263,37,14,1156.16,1692.83,3486.07,697213.82,113.62,12.34,200
264,3,11,6348.54,1305.95,4684.2,866538.91,1626.35,38.55,172
265,16,2,5726.64,1915.91,1194.1,804819.94,9787.74,34.53,236
266,26,2,8914.09,679.23,955.39,650765.34,5259.48,59.2,492
267,40,12,7537.32,433.23,3052.46,848868.9,513.35,85.63,538
268,39,15,9656.09,1128.33,2978.44,396892.55,9971.9,37.54,230
269,19,17,9604.32,1080.28,2555.39,557224.31,7461.87,70.97,34
270,46,14,2334.28,1186.14,31.72,778547.55,8388.15,81.18,240
271,15,16,7280.97,701.59,2780.64,93950.04,2168.76,21.18,58
272,32,8,5352.18,21.73,4664.66,860059.01,1099.22,90.17,219
273,49,17,2224.56,79.71,1679.54,165262.15,5175.1,7.04,217
274,21,5,2029.2,1331.01,4838.32,865895.84,7733.15,90.17,179
275,1,12,902.73,1051.28,1790.22,318219.54,6395.92,16.36,554
276,6,6,7975.9,1643.81,707.87,333515.02,6329.04,33.72,395
277,27,18,3312.6,607.82,1998.03,83209.2,7583.11,60.52,186
278,23,5,8583.99,1632.79,2478.11,887040.63,2308.86,90.57,109
279,47,6,6122.32,856.73,3151.03,182765.3,6632.12,25.57,302
280,31,9,6768.97,202.43,2529.34,633749.4,3951.5,76.36,689
281,12,15,2987.57,1956.04,2688.23,647527.92,744.05,71.04,655
282,21,10,4627.21,1028.75,130.09,288339.99,2061.32,15.97,547
283,2,17,4181.94,1262.66,1275.56,985804.35,7950.34,47.95,261
284,5,19,2433.32,1344.89,1560.38,73524.56,8964.51,48.15,678
285,9,12,8341.87,731.2,4935.57,611793.29,2864.08,30.46,189
286,20,9,6258.64,1497.58,1484.88,484748.49,1944.09,77.99,373
287,46,15,470.58,1741.83,4483.93,253029.27,315.91,92.59,318
288,18,14,8217.18,780.5,1530.63,171916.19,9479.59,71.66,234
289,22,1,1149.77,1317.43,489.59,739713.51,6854.36,97.3,334
290,8,17,4096.59,1516.68,1245.61,917151.73,9572.45,5.05,389
291,34,1,5755.44,388.35,1371.41,116470.8,8645.3,3.72,699
292,9,13,175.75,671.87,4891.46,202040.41,3437.64,89.39,429
293,7,8,6563.79,226.5,3374.71,986407.05,1171.2,89.78,478
294,30,13,6631.06,1208.39,4659.09,24872.45,5015.62,10.71,135
295,18,16,6560.01,1603.87,4176.63,513169.45,316.8,35.74,111
296,27,2,1718.33,1225.57,2897.21,520951.72,1541.67,83.54,371
297,16,13,2631.75,367.77,3380.19,270529.91,2372.65,12.85,450
298,21,18,2549.02,1097.27,3127.94,666398.59,6673.18,26.74,78
299,5,3,9604.66,1671.52,3334.65,945491.5,5123.28,68.1,235
300,29,13,768.53,612.42,1331.22,455711.79,3059.07,98.19,247
301,47,19,4344.74,1666.98,2046.54,751925.31,5669.45,79.71,705
302,37,13,8725.41,1571.4,2967.15,649609.56,1295.77,77.73,465
303,43,19,7717.71,53.26,189.28,478212.44,7569.3,34.27,351
304,22,4,8242.18,486.52,2419.35,59314.18,7134.75,66.13,260
305,14,19,9725.71,1090.46,4300.04,744332.31,2204.2,11.31,516
306,19,18,3933.89,1438.06,2466.91,369618.93,6083.6,99.23,458
307,35,6,3165.59,1762.26,2766.09,232249.74,5057.86,48.06,313
308,24,19,403.53,1285.67,1017.51,948785.96,655.12,63.88,515
309,42,4,1585.19,766.88,3973.77,775767.74,2817.63,87.62,305
310,6,4,5663.95,377.41,1800.8,962645.99,9994.85,0.1,462
311,3,7,1660.84,1522.47,4783.37,263654.76,1040.38,97.6,214
312,34,7,7389.42,421.5,4968.64,837435.39,5088.79,35.92,662
313,45,16,468.6,1393.91,4580.84,611644.19,8500.87,33.96,245
314,2,16,2668.93,370.61,433.53,981688.65,3041.49,14.51,126
315,15,5,6984.99,191.2,1672.58,946853.78,2644.05,85.82,148
316,37,15,2629.48,509.69,4726.24,973238.36,8913.39,87.08,394
317,15,4,7314.73,577.01,4024.62,952249.94,3083.06,2.0,432
318,32,13,9959.05,1297.95,4556.81,17584.26,6532.36,5.57,647
319,21,19,7991.13,330.16,2867.04,743674.56,7416.11,91.83,426
320,17,7,3484.17,1861.31,2407.18,279215.22,7896.75,12.29,487
321,34,12,9015.86,1113.18,541.42,707976.82,9947.86,62.09,347
322,32,9,606.68,986.95,4198.96,980805.09,8041.76,61.97,411
323,47,17,7277.57,875.04,3728.26,48965.8,6587.27,86.97,171
324,23,2,330.89,1137.54,303.79,571317.95,8959.86,57.27,486
325,35,16,1828.1,54.67,1054.98,737603.63,9062.16,43.4,530
326,37,7,9877.1,1980.27,2790.82,260825.19,9733.01,97.44,352
327,43,18,3672.76,1119.47,3425.17,232870.72,7775.83,22.88,297
328,41,7,8222.94,80.04,696.97,69742.05,1989.53,26.27,516
329,37,1,3823.26,1184.06,1231.68,102980.66,7112.57,8.48,708
330,33,3,8416.28,879.79,973.62,660182.41,797.53,97.53,189
331,25,11,9657.85,57.84,1107.79,510158.51,3213.73,70.64,43
332,46,15,4411.81,1849.61,4604.36,39771.51,1202.28,1.21,184
333,37,3,5637.56,31.03,3581.94,969965.14,9501.93,70.43,130
334,40,13,6323.53,1159.96,3688.16,659485.41,3420.6,40.41,601
335,21,4,9354.86,1923.96,3972.04,520313.88,7146.5,96.75,72
336,46,8,2641.77,482.83,1789.3,279996.99,5734.62,27.74,222
337,48,4,6151.37,515.82,3838.25,661517.9,1119.74,71.03,340
338,38,18,3314.73,10.84,4892.28,370526.18,5635.38,62.74,650
339,40,7,2247.64,142.04,3494.99,705469.22,6627.18,1.2,634
340,34,11,940.71,99.33,2089.6,685746.2,8821.1,88.52,494
341,19,4,6245.04,1647.09,3584.64,101816.36,747.35,13.96,192
342,27,13,8832.65,1675.11,4504.97,910168.1,2991.56,66.36,380
343,9,9,3578.79,1456.13,652.52,492104.51,6938.79,77.55,263
344,5,9,5571.42,711.96,1333.82,399015.49,391.6,63.09,432
345,5,19,6457.12,1644.3,4597.29,955907.52,2075.36,9.71,380
346,25,3,4205.04,1084.15,4731.7,443827.19,2225.77,97.52,196
347,26,12,9043.14,615.58,2425.85,724008.71,6709.8,23.68,177
348,19,11,3691.28,880.18,1879.01,658585.11,2895.31,62.79,57
349,30,11,1337.61,140.88,1421.08,173488.7,6015.98,79.72,288
350,36,17,1525.8,1890.37,2498.77,991231.35,9655.22,93.92,627
351,48,14,8919.49,1242.04,4673.31,468968.28,7942.77,60.4,649
352,48,16,9881.28,1465.16,757.55,400834.75,3362.38,25.91,471
353,16,10,2960.48,1356.4,2104.95,920417.36,4750.38,83.66,658
354,7,4,1521.67,1338.82,4558.92,533945.95,2046.71,16.32,556
355,18,10,4873.9,44.35,1752.11,708026.19,206.41,2.23,240
356,21,12,7124.33,1055.49,3842.73,847783.59,2932.67,90.81,572
357,31,9,6162.79,1645.2,1952.41,243139.45,3725.62,57.54,474
358,1,15,9515.97,98.59,4026.58,177771.92,5665.45,6.96,482
359,3,9,8196.0,1912.77,4905.2,77821.74,9443.46,57.97,433
360,31,7,8702.82,854.08,1945.23,898161.97,9481.13,14.5,95
361,25,12,5462.5,586.89,4227.04,208363.42,747.48,3.14,434
362,8,14,3340.02,1068.32,4942.2,314676.5,6165.72,11.65,604
363,1,16,7047.19,1604.42,4919.31,292948.86,471.41,77.51,464
364,7,19,4446.63,954.76,2174.52,311542.11,6498.41,75.57,257
365,7,3,2948.77,1293.76,2433.95,671380.52,1221.15,60.43,505
366,8,11,1607.48,1004.83,1523.97,954572.42,9466.71,20.93,497
367,19,19,5325.95,1266.23,1576.95,336158.9,8650.17,73.9,130
368,17,8,5983.11,284.68,2467.43,413570.68,272.17,40.8,452
369,11,8,5730.98,86.94,1010.59,773435.51,7832.21,51.08,385
370,47,3,1253.83,282.43,3558.51,438014.56,6377.18,89.76,168
371,41,10,5742.87,578.82,2686.18,926782.34,4978.92,45.79,660
372,49,13,1767.3,514.18,4491.36,508185.87,6046.21,62.64,598
373,11,9,6670.77,1234.2,4054.81,354257.51,6798.59,96.18,160
374,38,6,4350.9,917.22,1619.13,971856.76,8850.35,45.14,578
375,41,15,8503.01,87.24,2533.97,431524.06,7685.21,56.07,497
376,2,16,7804.83,79.38,3755.07,238863.12,5775.01,58.44,509
377,4,5,7271.38,190.27,974.07,185923.81,8254.93,24.07,140
378,28,13,7037.3,712.63,167.67,995229.51,9869.88,73.69,182
379,33,19,5648.83,22.3,4263.0,755457.82,3036.81,72.66,271
380,11,2,705.02,993.03,696.38,414573.2,1228.29,21.36,711
381,3,6,6589.35,727.73,4448.16,828099.71,7327.91,1.33,308
382,40,1,4722.53,1115.33,4568.9,551338.07,9787.03,99.89,392
383,5,15,4748.59,1444.44,2308.9,324215.68,1211.22,58.16,654
384,21,15,3852.32,509.44,4035.84,745951.95,4345.49,18.1,437
385,22,14,9297.8,322.6,1822.32,748435.79,669.56,28.36,204
386,37,7,2569.57,563.33,4292.74,505167.54,7776.49,61.78,630
387,11,5,3234.29,13.51,4125.16,54706.76,9489.65,13.76,164
388,44,16,9634.1,248.83,401.81,86252.26,5014.99,3.73,535
389,22,17,8120.52,1504.15,2917.18,790861.98,4124.74,79.85,323
390,41,11,239.46,453.39,3203.59,825241.61,9081.8,71.58,524
391,13,15,9070.47,1988.66,14.28,681506.85,1377.21,30.96,448
392,3,16,2343.81,343.98,4899.79,840677.89,8921.26,5.85,235
393,13,3,7088.73,1579.66,2038.77,722292.6,3951.65,48.63,347
394,28,6,5575.42,1413.04,2591.54,897965.27,5616.09,27.62,102
395,11,13,5414.44,651.04,982.07,158894.29,5306.51,39.78,288
396,11,1,7207.42,668.17,3058.48,393864.11,6178.99,27.4,387
397,21,14,2151.1,1131.47,4054.99,469469.69,9424.13,17.53,177
398,21,2,1674.35,1706.22,2933.6,304687.16,9513.71,38.7,254
399,7,2,6553.93,778.51,3942.29,728112.78,8319.93,96.49,134
400,17,15,2976.73,131.75,3658.23,913314.42,1955.86,26.62,585
401,48,18,9742.11,755.09,1195.91,418357.38,3368.49,33.6,385
402,14,9,4569.97,422.55,2184.71,942126.54,4903.86,32.92,567
403,33,3,1204.81,1879.02,751.65,521601.22,9059.34,48.03,290
404,11,4,6889.57,1397.58,219.26,527290.47,5232.6,84.35,600
405,13,15,3130.98,111.16,324.71,604217.35,9775.48,40.21,602
406,1,5,1571.02,593.05,4713.07,275647.75,9839.22,80.61,99
407,34,5,4285.95,109.93,4922.84,389526.91,6005.91,11.5,476
408,9,10,9645.8,1661.73,483.94,557705.08,8781.08,89.49,476
409,13,16,4173.16,1813.53,1682.62,942563.06,9992.27,18.53,286
410,37,12,3538.6,233.44,580.96,646265.65,8504.68,3.92,666
411,30,14,4500.64,886.18,4172.8,339785.39,6586.26,15.84,560
412,41,11,219.95,1864.45,2486.52,20363.89,8459.08,19.07,148
413,45,19,1417.71,298.97,3110.1,981848.99,872.42,50.85,95
414,37,6,8511.78,590.89,2704.16,498054.71,6366.47,44.99,274
415,47,10,9782.54,615.51,3554.17,939110.21,2204.39,71.59,86
416,7,3,1663.62,69.82,1602.47,553851.78,1204.83,5.1,73
417,14,15,5401.63,82.18,696.09,609410.21,8934.07,49.77,553
418,48,11,9666.7,1906.06,97.92,714793.13,6414.47,33.25,453
419,6,2,1650.16,1146.47,2234.01,327765.98,2473.29,63.07,565
420,34,6,1944.47,620.23,4540.09,701994.12,3898.48,4.37,424
421,16,17,9275.48,763.56,1533.28,531523.99,9734.1,3.49,479
422,37,18,7086.31,1432.54,987.82,675755.15,8628.71,42.73,286
423,36,4,1604.47,739.37,4630.95,837474.93,205.04,81.13,390
424,46,9,3995.58,463.24,536.19,192386.84,9799.02,67.11,635
425,6,10,657.07,212.66,268.49,617415.4,3716.87,1.67,409
426,8,2,4383.45,1460.58,4398.27,61590.22,6969.41,17.85,472
427,24,11,7801.22,369.32,3507.54,111093.94,7141.13,22.67,563
428,3,11,5584.32,148.6,2116.12,677848.29,9121.26,42.31,503
429,4,11,6509.68,859.64,3764.2,80228.28,8856.36,58.67,186
430,32,1,3335.52,88.75,3709.79,599404.2,2853.21,21.65,118
431,1,14,1697.82,1930.35,209.9,227812.47,6453.18,38.25,231
432,34,1,229.86,1258.31,3384.47,311043.98,3967.37,58.39,491
433,45,9,8230.99,313.87,3207.95,138340.14,5279.16,38.34,510
434,9,1,6402.88,353.18,4819.26,256180.81,5569.05,14.32,586
435,12,4,2370.28,1143.96,4833.45,823078.87,3993.62,49.17,483
436,10,1,4242.5,719.57,1895.22,642489.62,4665.75,32.4,499
437,10,19,8034.29,1550.79,2953.31,950262.2,2123.01,86.42,409
438,44,10,5433.13,1096.15,715.37,58257.41,6096.08,77.56,430
439,48,15,3071.58,872.33,341.62,794487.88,7601.65,19.03,108
440,23,4,2745.13,1926.33,2169.57,702086.41,4325.92,15.26,580
441,6,14,2254.38,787.55,3452.51,268283.38,9777.92,34.77,415
442,24,5,8254.93,807.22,2843.13,731875.04,619.4,41.22,696
443,24,15,5860.42,1334.89,2153.99,719383.06,5912.15,93.2,690
444,21,15,7120.66,1620.86,4092.38,464751.75,5856.83,30.16,372
445,42,16,8615.19,1256.17,3974.19,691753.22,411.15,86.76,474
446,31,16,9869.93,1400.23,3662.39,450135.09,2284.47,50.53,81
447,47,4,2569.89,752.13,394.39,342190.14,9060.15,88.56,280
448,41,9,1890.93,964.2,3984.38,471826.05,5467.91,70.2,688
449,30,1,4673.78,402.1,4597.91,896178.19,4392.04,70.84,358
450,34,5,447.21,1363.69,306.62,390737.95,4184.19,51.88,523
451,18,9,7938.01,450.69,2014.34,409651.3,8887.2,84.03,379
452,12,5,8849.22,12.5,4941.89,612319.2,3701.96,25.44,488
453,35,4,6891.79,1868.19,3000.2,755469.48,8598.71,90.74,527
454,7,16,2753.15,618.97,2572.75,737274.65,3126.47,63.68,154
455,41,2,1319.24,401.3,895.46,29600.74,5338.46,43.87,233
456,40,16,3883.23,543.61,2831.78,690541.18,1481.01,98.22,672
457,25,18,8350.02,667.59,2200.83,456048.51,8259.05,86.2,50
458,6,2,3543.5,954.35,645.94,528849.07,7372.95,77.2,619
459,1,16,439.12,148.01,2327.02,566046.7,5324.43,27.39,592
460,46,1,2815.38,114.82,830.35,734402.42,307.72,97.37,391
461,16,16,9900.46,592.89,3656.01,833019.65,4838.51,74.3,390
462,48,3,6799.02,598.57,4868.51,649798.34,2290.71,60.52,145
463,4,15,9018.46,244.12,2353.19,568268.15,4163.07,92.18,84
464,29,11,7771.17,815.54,3165.52,380031.56,8571.44,16.22,321
465,38,10,5443.08,575.22,2160.57,146499.44,7707.55,13.9,80
466,47,17,1572.02,61.85,700.88,958991.9,2457.43,56.37,283
467,28,4,3551.58,1772.58,4853.07,467223.87,9850.29,5.67,521
468,22,17,5879.03,1773.18,656.6,570550.12,9036.94,66.4,602
469,8,4,8719.26,426.27,567.02,753562.41,5310.3,24.07,254
470,32,19,2759.88,334.12,2301.27,77726.38,5325.0,11.9,498
471,33,1,1300.15,1099.11,3297.85,856460.9,9017.6,40.95,132
472,13,14,5632.44,1265.2,1781.07,799055.49,6379.64,46.59,77
473,27,11,1847.36,1915.51,970.66,776684.3,5390.05,17.05,371
474,18,7,6142.58,760.92,4096.63,31762.88,7504.03,4.15,262
475,18,17,2708.86,1240.22,1821.89,531253.66,2389.22,41.41,611
476,13,4,2386.53,1757.58,979.66,63725.69,8789.86,75.95,588
477,22,10,4051.89,905.41,1831.77,555363.85,5337.58,87.42,257
478,14,17,5972.6,253.47,1080.63,721263.84,6054.82,9.75,551
479,11,4,5498.64,761.12,2602.04,130631.75,944.94,52.47,621
480,39,19,2522.87,281.77,3344.76,697934.27,3129.61,26.34,42
481,22,18,8922.06,43.11,3999.79,455037.52,4296.02,37.46,528
482,36,17,1187.83,1505.59,1145.53,813437.4,4168.4,93.34,474
483,17,6,490.73,484.46,843.1,538253.05,7793.93,35.21,369
484,32,7,6066.79,13.99,107.82,342760.32,2859.11,36.53,353
485,14,6,1321.73,1746.14,1148.16,338671.65,1861.99,20.94,625
486,42,12,5098.42,893.14,129.29,898511.65,5847.04,96.0,627
487,29,9,9522.56,485.33,1733.92,458342.87,6169.4,45.65,186
488,6,18,7015.94,532.95,737.01,411696.36,1259.75,57.04,685
489,4,2,6212.82,488.67,2903.68,49474.89,74.56,45.32,604
490,11,17,5790.57,397.17,1924.8,370681.36,9180.61,25.29,460
491,45,1,1877.44,1684.04,476.99,851130.78,842.39,81.04,584
492,40,9,4383.21,348.96,2005.33,763377.78,8983.78,2.85,436
493,10,6,3490.98,1128.09,1054.65,228704.07,4022.19,69.02,187
494,28,2,9535.44,163.87,3404.08,418926.06,6547.91,59.43,214
495,11,6,2498.97,1899.55,1828.54,204613.88,1896.87,14.43,520
496,35,9,4768.01,1210.59,743.68,954674.65,8247.97,16.59,565
497,15,3,9386.99,1807.27,1754.51,602136.7,1842.92,65.92,386
498,8,16,7912.89,801.78,1129.65,756811.24,3895.77,31.21,391
499,20,15,9648.7,1623.24,3980.94,716670.56,2418.36,26.57,253
500,21,12,6122.47,1708.77,4917.0,874952.47,8383.18,5.92,642
501,1,8,3404.49,1408.87,137.2,949834.5,8590.44,76.65,233
502,29,6,8283.83,194.97,3453.2,42121.71,3751.69,88.27,37
503,24,3,2985.42,42.0,1327.15,975548.17,3108.42,81.98,501
504,30,4,1731.25,345.43,341.38,871837.04,7746.98,46.6,201
505,40,10,7092.26,245.01,81.61,389117.93,8791.19,53.4,125
506,35,14,6425.66,1453.02,4406.24,838698.55,6259.0,24.23,703
507,33,15,8801.59,1118.44,1774.5,739192.4,9277.67,17.29,637
508,20,7,9623.06,1056.64,4972.77,795183.23,3861.29,82.3,335
509,16,7,8586.26,513.21,2217.46,228484.12,1561.27,79.83,686
510,9,8,694.22,317.67,946.11,652078.06,1837.45,77.74,287
511,31,10,6678.68,421.03,3887.95,35666.64,6714.83,46.34,503
512,17,19,7868.85,806.55,4633.2,849746.84,4104.89,86.45,329
513,31,19,9821.09,1482.88,4079.95,951532.54,1605.33,92.62,494
514,48,2,3809.15,516.49,3728.54,665502.21,2957.66,32.83,643
515,23,15,1781.83,1400.24,1680.15,517542.96,5329.52,22.47,718
516,6,1,8544.04,988.11,331.81,728473.78,1258.38,46.43,357
517,30,10,3242.92,1772.03,1014.48,333097.68,84.25,17.93,139
518,7,6,6022.2,473.5,2239.58,630123.92,9177.12,88.4,158
519,48,13,3959.96,907.2,4781.44,721783.21,3083.37,33.8,166
520,40,10,4083.03,202.36,3617.04,151253.97,2253.91,57.62,568
521,42,12,7351.4,676.95,4143.13,148667.33,6999.88,59.47,678
522,46,6,3678.6,1018.69,1393.7,718976.8,8541.36,51.5,193
523,11,6,6961.44,1468.15,3422.28,437464.67,6341.17,15.65,378
524,34,1,241.85,404.17,4313.57,890309.48,2582.1,99.1,492
525,12,12,3314.01,444.0,2402.26,318819.49,8623.28,17.26,672
526,45,10,3258.54,1266.84,2155.16,52006.43,5128.75,75.15,533
527,47,14,7513.47,771.09,3599.83,653377.27,3842.85,79.14,180
528,27,15,3214.12,969.37,2803.96,687396.83,6067.02,14.52,275
529,12,4,6369.94,1673.91,4965.92,558055.69,7021.09,93.32,139
530,13,1,6916.39,1003.18,2131.26,686499.32,5958.61,48.78,614
531,8,8,6618.41,1308.47,887.96,528516.8,9206.44,62.89,304
532,16,3,6072.61,1316.98,2364.96,695706.49,6298.78,64.22,96
533,29,14,4194.81,1609.19,1183.67,53498.03,8791.88,50.5,79
534,35,17,3795.72,1279.9,2810.66,374713.4,5890.24,14.2,544
535,29,2,5689.38,138.97,637.73,218708.75,3330.31,75.18,255
536,31,15,730.66,690.92,4750.38,108332.88,5346.35,58.18,607
537,13,6,8770.62,1978.74,4300.52,241751.71,909.05,11.87,535
538,12,5,8270.62,401.06,786.27,199397.51,2340.24,70.03,184
539,2,14,3529.21,1177.59,870.24,973400.07,7674.01,70.28,509
540,33,19,5711.51,1687.45,2567.07,293680.46,6631.68,54.85,140
541,8,9,9329.05,1177.25,3866.68,238649.38,1706.86,9.05,512
542,41,8,2789.2,750.82,1103.21,836525.76,4408.25,35.26,303
543,40,3,7450.31,169.65,314.25,424925.06,1462.82,5.09,184
544,49,18,919.04,729.71,2732.22,427250.79,8565.39,47.76,680
545,41,8,5281.38,372.31,3461.07,449154.56,1136.24,90.64,196
546,32,16,8851.29,1922.12,1229.38,422369.16,6559.64,0.23,48
547,38,15,5561.92,1432.91,3701.44,333299.8,6089.65,26.66,374
548,28,15,6200.9,1501.27,4753.71,293476.05,4754.13,79.99,598
549,15,16,9085.63,877.58,694.0,883140.08,2818.43,0.99,323
550,23,1,7182.07,228.83,2560.04,170090.27,4069.37,1.02,674
551,24,10,6989.11,540.77,293.64,189251.73,8073.59,61.08,491
552,13,19,5905.2,526.83,1041.24,576001.91,7627.43,78.92,367
553,21,5,6366.59,978.69,458.2,350221.99,7401.15,77.65,481
554,12,18,8056.68,927.35,2025.99,427314.07,7510.74,77.96,373
555,13,3,9794.41,872.48,4105.95,808481.14,1481.67,36.1,660
556,39,4,7973.72,997.0,2889.88,904594.75,1036.01,88.27,114
557,23,4,7104.61,1974.18,1120.7,792648.14,8621.91,1.28,689
558,46,11,1441.89,603.72,210.15,242578.98,8379.89,31.22,418
559,43,9,8189.1,1234.39,2771.46,980171.58,6829.12,33.72,256
560,28,1,7386.34,486.62,672.66,369544.74,6078.76,16.56,315
561,14,16,7727.28,938.55,1720.24,177376.39,3700.37,33.62,313
562,17,9,2387.86,408.1,2555.86,504501.74,2279.62,58.59,138
563,24,11,9044.09,1120.8,4519.63,728032.91,6693.18,52.03,164
564,34,6,1063.09,537.37,418.3,92438.17,9134.69,31.94,320
565,48,17,2610.76,83.21,3346.35,637944.05,4398.12,74.93,644
566,22,12,6663.93,1632.39,80.27,859497.14,3066.96,71.48,537
567,10,8,6769.77,265.23,3153.24,269163.67,2743.88,28.07,658
568,8,16,3201.91,742.4,2762.15,696191.98,285.87,32.32,58
569,21,5,7045.05,959.58,4061.21,405909.54,5227.15,28.75,423
570,37,1,3940.51,870.64,2663.0,419993.79,9882.95,12.89,56
571,7,17,101.74,1454.07,1769.56,288005.89,8161.62,75.28,496
572,26,8,1709.8,1197.59,1221.33,628149.86,8979.87,4.63,42
573,13,10,8837.92,597.79,435.4,367389.26,6230.58,15.06,583
574,16,18,2304.67,112.89,2677.72,832593.97,4840.39,10.53,474
575,30,15,1217.81,1537.51,4442.73,963276.37,9905.05,82.53,253
576,31,13,6853.79,711.53,2578.58,935736.8,4499.26,4.4,492
577,5,10,4462.99,1780.55,3698.12,171497.09,9172.46,66.46,50
578,32,9,7986.25,796.16,1499.19,24048.4,7630.36,4.45,416
579,16,13,8628.3,1438.14,2246.17,444083.66,3343.24,78.64,677
580,47,3,8475.29,1879.73,1629.77,731594.87,5055.47,91.27,355
581,9,3,3198.79,1305.79,555.24,977680.72,3874.08,48.68,496
582,22,1,5104.9,832.84,2090.77,785588.08,1405.42,80.45,686
583,44,2,6536.4,1139.12,3823.79,584743.83,3599.83,70.64,551
584,40,11,3287.63,1091.46,1980.93,36089.38,8895.28,79.56,254
585,45,14,506.88,1173.79,3254.39,827285.28,7538.73,76.68,682
586,37,10,5007.08,302.17,3795.49,185373.58,2811.93,20.54,504
587,14,7,226.9,1400.03,1620.45,65050.45,3710.74,49.96,647
588,16,1,9511.39,298.64,3989.6,851855.26,6183.52,96.04,487
589,43,7,7987.17,39.09,1701.24,570588.36,4190.59,34.35,669
590,20,15,2000.9,1253.31,1287.97,137266.08,5055.29,97.05,242
591,44,11,2946.96,242.66,1120.01,392677.24,6996.78,58.32,692
592,15,6,9830.1,1543.12,1007.52,94686.25,4699.15,46.16,510
593,44,7,3798.13,1733.27,3688.25,641630.7,1950.15,65.78,209
594,26,7,7858.85,1890.03,4438.67,289602.99,5229.71,81.58,567
595,9,1,4523.47,1332.31,1160.94,867433.19,3593.38,39.42,556
596,1,10,8654.55,969.21,435.35,364218.07,2942.81,3.3,51
597,35,15,7067.16,711.04,1575.7,499687.52,3314.68,70.88,374
598,44,8,326.81,986.94,3292.66,72888.16,4418.07,95.62,606
599,20,19,3014.46,388.8,1848.92,282836.69,8871.8,62.5,50
600,45,3,5624.12,703.36,2750.39,679999.6,7353.87,18.84,437
601,6,15,9269.12,1438.68,3724.08,738900.14,6695.43,24.82,516
602,42,4,1110.1,442.67,2048.31,250393.64,4739.04,90.98,557
603,10,6,6051.51,535.49,4998.48,508781.9,68.21,1.36,445
604,48,10,3091.55,1501.16,1496.77,819355.79,3438.48,54.87,301
605,33,18,8904.35,363.89,4891.46,386111.06,8141.26,15.87,234
606,16,16,7675.18,499.32,1023.12,142433.55,3912.3,28.28,327
607,36,18,3760.06,44.92,563.55,437551.69,5660.0,30.7,701
608,6,6,1754.32,1442.9,3756.64,604622.38,2087.16,21.93,582
609,19,19,213.83,1239.63,3514.53,17324.54,9162.78,79.24,137
610,31,17,6249.23,1391.83,4057.74,355081.83,9235.55,33.22,666
611,2,18,4120.63,436.51,1724.52,611361.46,1503.4,34.55,181
612,18,13,3216.09,1377.88,4654.73,952392.83,7255.38,45.3,42
613,42,7,9856.47,1196.79,606.21,414463.25,798.62,90.23,108
614,28,12,4714.81,738.58,161.08,171342.54,6005.55,68.82,583
615,4,2,7523.41,881.27,1509.81,538876.91,1827.6,6.17,198
616,1,12,1856.38,1140.16,3988.65,292894.84,1499.77,3.93,278
617,47,12,233.21,991.65,3368.18,222631.61,90.99,56.64,150
618,42,4,4233.87,1287.24,2186.68,594499.23,9411.53,88.71,416
619,16,4,6690.08,370.15,1288.71,916724.7,8301.06,32.33,468
620,45,18,5115.33,1086.01,305.77,836871.96,820.88,24.78,301
621,47,16,8915.62,906.06,1694.15,190469.61,6013.79,74.82,329
622,2,14,4396.4,927.43,2305.5,768220.66,2367.34,60.21,502
623,36,17,3178.93,944.07,3438.25,237569.95,2676.96,56.5,187
624,1,17,9168.88,1764.13,3233.4,297794.25,8747.99,14.93,662
625,39,3,4127.34,1639.07,4737.25,920850.99,1187.54,17.6,256
626,23,6,2769.51,1262.84,510.98,911939.65,6034.83,28.18,450
627,26,13,1066.84,1435.81,1688.34,176944.46,4042.49,20.68,53
628,11,9,7953.77,95.18,2413.07,73549.94,1948.47,97.14,567
629,42,9,8268.41,1490.54,3356.77,300186.92,4546.58,1.86,599
630,1,8,429.65,977.47,2482.3,585957.31,9407.87,62.61,667
631,11,17,3650.59,642.32,4564.66,878122.76,7827.02,51.76,569
632,24,16,7523.78,288.16,3047.28,127649.02,1364.51,32.33,157
633,10,16,9469.18,159.67,207.93,420808.92,8501.83,88.76,123
634,14,19,3840.4,99.32,577.14,279032.29,9377.53,67.02,450
635,14,16,8733.33,331.97,3769.94,24779.68,2805.79,99.84,301
636,7,14,3997.83,69.99,3581.78,790561.8,3367.53,16.87,513
637,23,14,1877.0,1467.96,775.95,815151.37,1306.78,8.79,34
638,43,14,134.12,504.74,303.95,229016.77,3482.15,13.94,186
639,22,14,3368.79,743.79,2897.8,159727.85,6747.75,26.93,81
640,36,12,3846.9,1647.21,3182.34,153115.25,2757.94,41.68,272
641,27,6,9456.66,238.17,685.15,469307.72,117.91,86.26,692
642,2,13,2140.1,1672.83,2373.36,254030.63,3418.52,28.36,449
643,39,16,3884.08,1282.69,1536.1,516242.09,4559.08,91.52,454
644,46,9,349.03,690.64,4657.22,391003.22,5685.24,46.29,109
645,19,2,7659.04,244.44,1103.81,218781.4,6854.06,64.71,383
646,7,3,9159.9,192.07,3668.97,753679.87,664.75,26.44,648
647,12,10,2454.42,677.67,2595.49,158860.25,4724.03,15.6,695
648,3,2,4347.05,289.28,67.49,800913.29,2700.31,86.95,322
649,47,10,1308.91,542.74,2589.82,565831.92,9482.3,10.95,145
650,5,8,4622.67,115.38,506.37,833716.77,3630.99,77.4,558
651,8,17,1420.09,1194.07,3298.72,14711.45,1046.23,58.1,509
652,14,1,5281.15,299.1,2831.96,751696.63,462.84,86.11,317
653,36,6,7372.76,1515.9,62.03,61000.44,2690.79,71.78,697
654,7,7,5578.09,444.17,1031.42,950597.73,1829.84,28.17,506
655,7,15,2527.67,1597.97,3883.36,705712.09,6515.51,57.44,54
656,46,18,3602.58,387.87,1386.11,326970.57,8477.32,1.31,460
657,32,9,6421.87,1445.52,2501.42,326651.99,3159.96,47.52,307
658,8,8,5938.58,672.82,1566.87,862877.46,5799.02,8.6,346
659,12,10,1454.07,1170.41,4608.42,903811.73,7316.54,42.89,667
660,10,4,8465.0,86.94,2687.52,892657.55,4014.95,10.96,387
661,14,8,4804.37,995.54,3483.91,810652.89,709.94,95.55,305
662,9,1,1707.46,305.89,426.55,820841.7,2330.39,52.31,719
663,38,8,1315.98,977.78,211.28,577040.22,8836.5,91.32,373
664,30,12,9658.96,291.3,1303.55,37948.74,8253.58,2.24,460
665,5,15,2887.2,879.81,1552.58,95905.55,911.0,63.77,588
666,1,13,9095.08,230.14,3441.53,653057.72,2278.29,30.7,592
667,1,16,4164.79,447.7,2849.96,407153.51,7703.19,43.18,468
668,20,18,3920.62,1194.21,1879.15,571636.53,4884.69,87.31,491
669,49,1,7039.2,1953.55,3274.05,238766.85,7611.67,98.0,299
670,11,17,197.84,903.88,826.19,652923.0,2150.37,24.65,460
671,26,16,3447.09,1377.48,326.81,250401.25,9529.35,94.83,50
672,44,5,3096.19,1083.46,4273.98,466204.67,7846.89,68.87,172
673,3,10,8694.17,1001.73,2824.09,483932.7,2014.65,95.14,382
674,6,6,5338.32,138.76,3248.99,185891.55,5606.57,56.24,494
675,43,12,3709.24,297.15,1543.14,877445.65,1175.32,96.08,497
676,45,10,2734.19,1767.28,1866.06,530562.85,3646.28,89.25,542
677,11,17,5946.05,826.23,421.01,868115.94,6613.23,12.86,493
678,8,2,1601.56,1232.52,4286.37,269910.34,3334.77,31.08,423
679,29,19,2537.43,1061.18,2966.27,180612.59,6584.75,24.31,87
680,10,6,3006.76,763.98,427.3,27836.48,2485.56,57.21,155
681,34,13,6118.3,781.75,4024.6,102926.01,7226.01,80.28,490
682,24,9,3795.22,1115.38,2226.14,155995.9,3627.92,75.94,81
683,46,12,5107.25,290.87,3827.86,88067.01,7915.29,72.67,298
684,48,18,6539.34,780.65,72.97,897910.5,1410.06,37.53,125
685,17,8,9567.09,899.48,153.41,912323.92,3651.68,13.96,302
686,32,18,7671.89,1970.4,862.21,937989.05,4666.13,21.06,352
687,11,2,4112.04,709.39,1062.47,960262.23,4267.26,74.17,602
688,34,8,7507.93,1292.71,3822.14,496916.65,4359.29,14.75,162
689,24,10,9501.97,283.46,3536.4,534724.39,4475.79,22.29,118
690,5,9,5043.87,140.31,3084.28,139522.12,9888.6,42.46,714
691,29,18,4163.92,1744.37,4425.45,145681.52,1971.91,7.21,34
692,48,8,872.39,1464.16,1243.27,775028.87,7698.21,21.27,386
693,48,19,8934.47,641.82,4522.98,857171.79,5540.3,14.98,372
694,34,3,2539.7,1014.11,4548.26,786867.29,4165.6,95.13,233
695,16,9,733.18,280.13,2176.96,836230.11,6353.61,19.15,703
696,25,13,5418.31,1417.25,480.99,283804.61,8542.64,86.18,602
697,37,9,8474.41,149.96,3635.53,471405.13,4693.05,11.48,500
698,8,12,4125.69,1516.5,1691.27,464607.39,8654.77,86.97,493
699,29,13,7852.37,1098.2,3976.7,995330.57,983.29,59.94,526
700,46,8,8380.32,564.91,826.81,949686.24,6548.19,84.97,92
701,25,15,4598.6,1726.52,2702.18,602501.25,3365.14,86.73,585
702,42,13,5950.46,1972.28,2545.29,146593.4,3897.82,59.64,268
703,23,13,5385.73,516.15,510.57,266010.08,5731.65,91.77,569
704,34,17,9398.04,1614.43,1823.03,370123.94,4825.17,58.54,227
705,3,15,7282.51,1502.83,432.93,874479.54,3848.71,71.26,712
706,30,19,9260.89,1496.91,2329.05,178926.13,3117.82,41.61,59
707,34,3,2278.1,1914.9,4216.09,227549.45,6202.24,91.41,695
708,32,14,3171.34,978.37,1358.32,355890.84,5080.52,82.42,238
709,29,10,802.04,1351.59,3826.66,927641.09,3266.93,16.67,92
710,9,17,5049.09,1649.52,925.3,508773.97,2089.36,57.64,86
711,2,8,8751.84,964.28,3371.94,650367.68,7755.96,89.68,462
712,39,18,3335.78,968.05,4578.53,393351.07,8007.16,79.31,337
713,7,12,1369.99,644.12,1626.4,196636.89,2177.19,96.26,604
714,46,17,777.62,1563.84,4503.05,230572.53,2653.41,23.13,495
715,5,11,4530.25,1375.53,2532.05,804644.51,2429.47,36.75,682
716,8,9,1723.82,907.77,1590.86,894547.22,8851.47,50.72,634
717,32,15,3526.43,844.48,4483.58,498144.9,7752.6,23.27,136
718,18,9,8217.8,154.45,169.87,363424.58,792.01,39.4,629
719,38,12,3902.07,22.94,149.81,809756.79,8335.03,53.75,330
720,46,11,6137.72,1062.5,3003.15,676363.83,416.68,19.13,649
721,18,17,5071.38,840.81,3985.79,50465.24,2569.34,25.67,75
722,49,6,7213.48,1594.11,3760.22,357233.49,9193.96,12.48,106
723,41,8,1646.03,1089.88,406.55,685351.25,8650.1,71.34,198
724,45,10,9212.37,1874.05,4751.75,577943.02,7825.27,36.16,158
725,16,15,6471.96,400.32,3518.29,978286.64,4602.59,22.03,297
726,21,4,2782.44,1980.4,4746.07,867454.22,3248.07,50.73,629
727,10,18,1320.21,602.86,1652.2,69141.02,8821.38,6.82,614
728,42,11,1582.28,1288.42,3472.76,728511.33,6587.89,92.34,448
729,4,9,7848.36,1008.69,4301.09,342963.35,2990.31,29.45,190
730,44,9,5922.29,725.56,1908.52,685261.88,4658.8,88.65,87
731,8,8,3869.51,287.23,4824.65,621052.34,8820.93,49.76,413
732,47,3,3395.72,278.32,1332.31,508019.76,9039.38,85.02,539
733,19,18,8572.0,1425.9,1584.91,854420.06,6610.06,24.71,459
734,47,14,8760.15,761.51,4602.44,711602.96,7338.93,17.53,369
735,40,3,5854.49,1922.98,4848.6,890659.56,441.01,84.94,607
736,40,17,5292.99,658.04,1433.13,288787.71,6065.78,21.29,55
737,9,4,8182.84,1967.21,690.59,354646.25,6905.48,74.62,618
738,30,18,7518.42,418.79,3797.69,625731.84,252.75,34.46,401
739,17,15,4063.22,214.6,4649.03,966799.79,8446.4,74.82,65
740,40,19,919.11,632.01,3007.56,377866.28,9286.44,90.76,560
741,44,6,7708.15,1772.31,3176.25,41970.71,2417.47,98.16,296
742,15,15,1770.14,1048.49,3817.09,451429.08,8465.67,35.98,461
743,4,7,262.13,279.94,773.89,548490.27,6671.85,36.75,48
744,6,12,8448.7,412.97,4867.61,802977.53,5827.92,98.14,368
745,16,16,5824.71,629.41,1828.0,731314.48,8439.1,86.15,169
746,26,9,8927.49,1184.43,3144.92,965016.05,2891.82,4.51,96
747,37,5,4897.42,671.43,2348.39,784855.93,7919.02,57.34,559
748,23,11,9272.16,1496.64,2346.22,305642.15,3179.48,18.12,398
749,13,2,3604.32,1236.42,3516.69,644966.51,7885.19,99.4,290
750,47,16,7272.77,1748.91,4973.36,675518.78,4537.99,13.89,653
751,17,4,3079.77,1006.91,3298.71,998040.31,1213.61,55.93,656
752,27,5,111.52,669.04,3972.36,147350.53,3846.12,66.52,707
753,22,7,3859.47,1992.58,147.8,199412.25,2373.26,93.71,608
754,37,6,7403.88,717.71,4054.03,163958.51,1050.29,84.73,611
755,19,10,1585.24,862.92,1506.88,593169.51,1147.36,24.58,232
756,39,14,5097.54,1620.16,642.24,143948.06,7811.71,57.26,668
757,35,8,2201.98,186.39,575.54,659447.63,8819.91,95.36,439
758,13,14,838.78,779.12,3402.58,805736.31,9274.93,73.57,109
759,14,14,6212.77,180.56,4988.11,438464.99,8546.76,68.83,717
760,48,3,9524.48,287.22,3334.31,565078.23,8310.73,75.49,142
761,31,1,3175.97,19.24,1319.12,913594.86,734.92,32.25,652
762,45,9,5848.39,28.99,1024.5,573870.26,7911.73,72.93,166
763,2,9,9540.67,766.77,2634.53,216519.5,7843.66,23.29,674
764,46,2,6539.79,1620.24,334.55,349761.86,1356.34,42.81,218
765,39,16,6763.82,1178.14,2002.66,534547.35,6636.99,88.99,306
766,37,8,1871.39,1273.48,3334.51,163348.71,4552.45,1.9,132
767,14,6,4976.84,1043.31,4838.63,616394.64,9005.13,41.43,136
768,9,13,3734.12,1641.39,2134.01,999253.63,6969.31,26.68,604
769,10,1,4762.47,1761.95,1009.12,656009.62,9512.33,19.86,202
770,7,19,8028.18,1700.98,4088.64,378687.03,1093.98,83.86,360
771,28,15,4660.92,1626.14,3723.56,338429.03,454.04,69.65,220
772,46,1,722.22,373.6,4299.92,932287.29,9737.11,11.26,699
773,25,10,9064.86,1191.81,1081.45,872799.15,847.91,49.45,254
774,46,1,5493.68,1168.5,2030.11,477635.03,3892.65,46.69,713
775,28,12,9252.49,1060.61,4907.96,359880.42,6517.21,14.25,352
776,2,11,5766.31,966.82,798.63,713359.64,8806.56,79.98,537
777,17,17,789.4,187.45,3360.54,321357.45,2583.04,36.67,577
778,4,4,5573.41,213.3,1193.55,128209.2,339.13,76.19,163
779,13,7,5799.82,1805.54,2505.79,317050.69,5236.8,19.21,66
780,18,12,2221.96,1264.07,4004.54,439953.02,4737.56,31.51,122
781,3,13,4763.19,532.01,2448.04,262857.26,3103.59,9.52,104
782,37,5,4648.47,565.81,4029.35,224645.59,8745.3,14.35,212
783,33,6,6266.47,1224.29,2137.41,16078.76,7505.76,88.32,488
784,41,2,2670.18,819.8,4996.77,634534.35,8588.26,10.91,707
785,24,7,5859.31,888.24,2184.78,618304.45,1660.0,9.57,656
786,8,14,2485.43,130.69,755.4,196144.99,6939.5,94.04,438
787,35,14,4519.81,286.09,2015.33,944213.57,9752.26,64.59,236
788,2,10,1314.79,792.77,3715.54,415475.19,6138.54,10.09,274
789,33,4,469.28,1402.38,4241.21,35224.64,1755.08,97.17,362
790,12,3,3273.81,105.57,2305.92,227574.2,9958.01,14.71,702
791,22,14,2818.26,675.77,2976.44,695146.81,5306.82,76.63,554
792,13,6,4128.67,1393.19,4226.0,209603.7,8408.59,3.49,323
793,10,15,9623.63,1586.18,4069.6,63373.33,1536.15,62.45,302
794,17,8,5270.07,388.54,3292.04,621529.16,6677.66,54.67,408
795,43,5,5576.45,1465.66,4076.99,523171.24,9130.55,20.8,655
796,5,3,9421.85,1911.27,2883.79,763653.18,5343.58,64.31,693
797,9,3,9219.36,1814.56,33.19,774905.07,2922.17,61.71,55
798,13,13,8852.71,1580.86,215.92,960335.9,1317.85,79.84,709
799,23,2,1070.15,1427.53,4899.24,66447.37,2994.65,87.59,573
800,30,1,6379.54,477.93,733.51,48599.53,3581.1,51.01,639
801,43,12,8100.18,1271.47,2028.54,987325.08,7114.05,49.03,120
802,4,8,8372.19,1290.12,4669.72,648399.4,1827.28,62.16,505
803,21,19,5821.28,819.57,983.25,718216.83,1105.74,72.92,217
804,43,9,273.21,991.1,4220.52,105517.2,3900.05,35.62,598
805,9,14,9739.76,1391.12,4093.16,79114.56,4613.6,50.46,648
806,7,18,4774.75,1904.68,4931.78,168651.06,6302.43,58.51,224
807,16,10,3996.6,597.66,1415.59,432923.65,7089.94,98.84,563
808,23,9,4009.99,500.26,1583.47,119074.42,8898.31,58.77,114
809,23,6,4299.09,1207.6,4515.36,451870.4,2925.09,22.42,621
810,31,1,2497.59,270.29,1178.05,565920.54,5309.65,58.8,106
811,5,5,3340.6,1169.24,2744.03,10329.64,3692.11,81.95,359
812,6,10,9855.04,186.81,3539.65,123103.17,64.15,85.74,412
813,1,13,3744.86,986.26,1366.7,381443.24,5815.35,80.03,462
814,48,4,5314.58,1244.62,4692.68,62796.49,8167.17,88.82,406
815,28,1,8498.11,149.52,3331.83,142193.68,412.57,33.48,370
816,18,2,5321.54,421.84,245.23,239478.43,84.74,50.76,206
817,24,4,3312.09,677.39,687.33,435305.4,7291.79,77.96,455
818,13,17,5285.13,743.51,962.0,717688.83,6854.4,26.44,453
819,33,10,1229.45,1355.45,1232.34,141361.73,4088.23,37.16,203
820,10,12,1387.07,1062.75,3656.08,740578.99,6632.97,83.12,435
821,7,2,6971.66,770.4,453.79,856510.12,9536.19,77.01,111
822,37,3,9182.86,906.85,1759.47,654963.98,2516.23,97.12,50
823,32,14,7284.21,35.82,4557.8,53288.44,2496.97,99.6,427
824,45,15,838.67,1543.35,2787.77,446247.15,1903.01,24.07,359
825,22,13,4088.67,91.6,1334.83,663465.34,7253.67,90.04,254
826,16,9,125.28,1660.34,4785.71,978728.0,3564.23,9.45,431
827,24,2,5160.95,1086.58,1229.14,952290.3,9887.5,70.98,467
828,14,19,2012.72,1060.36,4526.45,401746.12,7160.76,22.01,301
829,11,16,8694.65,1412.11,3631.59,619771.76,3705.4,30.03,309
830,19,11,1132.92,1720.52,3705.2,891907.0,1534.4,94.63,252
831,23,12,114.19,1885.87,3827.05,832735.78,5940.65,26.32,616
832,34,1,4566.35,1091.31,2537.78,484627.62,2984.29,67.32,692
833,40,2,1638.79,309.81,4074.75,268628.92,9059.82,17.81,538
834,13,16,7406.07,1758.48,4182.6,145728.95,4441.97,9.34,371
835,39,2,9207.35,90.94,1808.83,493100.35,2961.87,33.93,646
836,44,19,515.19,1616.6,2007.72,725617.42,5906.09,62.42,71
837,28,10,4016.26,1364.04,4444.9,970072.02,1412.9,24.79,205
838,40,19,9968.47,1810.41,2628.4,863196.76,5637.41,30.02,274
839,16,10,7353.45,1795.95,4336.05,212198.55,608.31,70.87,282
840,28,16,9536.56,115.78,3137.58,722580.35,6088.54,10.28,303
841,4,13,1724.42,1222.8,2971.9,296210.24,5325.13,44.69,363
842,28,16,2291.55,258.1,164.59,686637.87,5231.62,94.17,633
843,12,18,1632.63,166.15,1396.69,669147.41,6857.44,39.7,40
844,16,8,3093.45,902.07,2515.27,279706.3,492.34,43.42,181
845,49,18,7271.4,204.22,2940.71,242044.73,4624.33,73.82,218
846,36,13,1732.97,1458.53,3155.87,112898.38,4468.18,77.9,705
847,20,7,5289.92,1938.19,3583.95,60034.24,4624.84,76.96,667
848,26,18,2765.18,1143.47,3284.6,859866.55,9799.92,99.79,240
849,26,6,8309.04,477.99,4244.4,59350.9,1435.82,7.15,126
850,22,9,165.26,1687.98,1484.4,97853.75,6919.78,98.23,368
851,9,6,2308.84,1707.68,3211.43,246463.52,4049.86,95.02,76
852,5,18,6091.88,1468.24,265.29,888781.75,5141.68,85.21,86
853,17,17,1057.43,1234.11,2406.15,339610.96,7635.82,45.41,104
854,49,12,4716.49,1736.91,1347.48,199881.56,1615.89,87.09,283
855,34,3,4418.45,334.95,1910.63,718399.94,7647.67,22.08,692
856,2,5,8539.98,1863.88,1779.77,325879.06,749.79,79.17,600
857,7,7,6291.43,1894.93,311.55,340032.97,4858.93,18.52,627
858,36,10,6433.05,1745.26,2338.56,741586.83,7433.61,81.54,199
859,13,10,9522.9,508.82,4973.2,259136.29,1965.89,61.45,175
860,20,19,9825.37,1717.77,1501.69,897792.45,7720.61,9.8,62
861,30,4,6568.61,1000.3,3683.37,565807.46,1709.78,89.53,544
862,30,10,5267.81,1193.91,2743.46,542453.39,8002.43,57.8,286
863,11,18,6118.41,1682.8,1632.87,272104.71,4715.91,65.62,155
864,31,3,3886.19,68.87,457.14,836743.4,6862.15,28.35,142
865,3,3,9875.82,732.26,1087.13,577022.06,9178.19,87.16,371
866,2,5,7079.71,1633.23,3911.45,163961.38,4113.79,54.52,77
867,48,16,2980.97,1629.77,1402.31,214235.25,2367.93,42.11,393
868,3,13,671.89,1698.89,730.07,473573.35,8678.28,53.43,427
869,15,11,542.75,346.74,1663.18,781845.4,1658.09,70.33,224
870,17,13,2128.64,1414.71,2924.37,939902.32,6333.19,69.5,350
871,48,19,2405.84,301.54,3520.28,666863.64,9236.37,35.76,167
872,7,6,4208.95,1572.35,1942.95,511081.82,6760.25,38.53,384
873,48,13,2226.98,497.8,2495.75,258224.66,1997.03,56.22,99
874,5,4,6346.01,1478.26,2280.03,676139.28,1565.23,92.44,611
875,34,5,2191.42,915.45,54.93,982417.36,2560.44,74.54,512
876,33,19,1959.98,1972.66,1984.05,481460.25,3944.5,39.04,88
877,45,5,4765.25,1163.99,2940.73,170520.46,1633.63,33.7,418
878,16,14,8897.82,1268.83,2854.02,112307.18,7988.25,52.36,380
879,37,4,4736.22,742.65,3751.34,276563.62,3602.5,87.0,368
880,3,12,4197.1,1471.7,3355.18,573747.6,9364.06,0.87,706
881,47,6,5823.14,994.82,1391.27,947337.25,8432.78,71.05,625
882,48,19,2646.42,45.95,1285.66,306173.43,9092.74,29.45,465
883,43,10,3599.02,1221.08,2326.07,312337.26,2980.2,20.84,479
884,21,1,2216.97,1662.61,3667.52,486367.86,5758.63,1.21,406
885,41,16,5760.92,481.24,478.2,919356.91,3248.42,89.66,420
886,8,4,7004.14,449.92,4742.15,424864.5,2606.64,91.22,510
887,22,9,6769.62,1221.68,2720.33,230997.1,6090.51,6.14,143
888,5,18,2622.7,1637.78,1538.98,171499.61,8189.05,52.18,201
889,17,17,7818.52,506.74,3470.02,462445.22,981.3,15.26,47
890,37,15,2633.94,1865.2,233.18,802670.66,2793.9,75.87,264
891,14,19,1588.08,1855.5,2427.14,298438.88,2091.09,66.54,339
892,39,7,3563.11,409.07,2434.99,517397.41,7993.58,29.71,698
893,41,18,6017.67,534.93,818.26,606978.19,9337.05,11.7,310
894,28,6,1505.82,1404.19,4188.57,455965.71,845.43,83.12,225
895,31,19,6516.06,1903.95,3986.09,199773.34,3823.17,67.43,144
896,17,12,8644.37,1422.67,772.13,922528.22,9149.36,0.68,426
897,35,3,3002.09,895.35,1825.5,569794.74,3479.15,62.79,701
898,40,1,4557.05,346.31,511.14,731843.04,7140.98,81.03,696
899,22,5,2360.27,927.41,4244.56,639682.58,1051.63,59.08,592
900,45,1,3676.49,1217.47,1623.37,998067.54,4471.66,42.47,447
901,48,8,317.51,668.59,2202.19,461747.03,5057.84,58.39,313
902,29,7,9542.32,1025.41,1626.12,430722.65,7588.76,61.97,614
903,10,15,4217.31,269.13,1557.03,366538.47,2923.81,64.0,357
904,18,11,7909.81,909.85,3739.04,368012.17,2678.68,96.7,370
905,35,18,1512.17,190.64,3740.36,283012.51,3064.53,17.86,651
906,44,14,8142.31,107.69,2593.76,980823.82,5579.18,62.31,250
907,16,9,8615.46,1715.91,3291.51,872074.21,8766.24,18.8,38
908,49,5,7183.22,418.11,2563.2,323506.27,8317.87,21.0,111
909,7,4,9041.76,1154.56,152.66,312176.75,626.56,66.93,323
910,30,12,1755.25,306.48,339.37,112498.65,8795.6,91.6,404
911,19,1,4817.17,532.43,1924.87,878260.55,996.34,15.9,563
912,23,13,6239.08,729.07,3751.23,378048.39,4182.71,96.25,444
913,8,1,6002.31,295.92,4567.0,576889.24,7665.77,31.94,128
914,17,3,8624.31,101.46,158.24,901373.95,861.03,39.13,711
915,21,8,2235.34,1755.55,1846.47,414019.64,451.98,15.37,647
916,26,18,1838.87,33.55,1126.67,808799.36,3333.46,61.58,411
917,28,16,2608.45,132.03,4077.87,435982.77,7312.76,59.64,533
918,39,16,8926.35,1612.09,4231.38,703931.53,5241.48,44.23,476
919,33,2,9416.17,571.2,1039.98,436872.56,4199.17,47.61,709
920,40,17,5739.34,1448.41,3557.03,398831.54,8140.08,62.3,373
921,19,10,5063.58,300.99,3661.46,990802.15,7678.76,58.35,454
922,29,7,6093.32,482.19,893.52,616226.34,7871.13,37.43,654
923,20,10,6201.45,1149.83,2174.14,373717.27,4624.28,88.41,335
924,20,19,1786.02,1977.39,3105.49,265241.28,243.52,66.77,177
925,10,9,6895.47,156.15,140.07,49368.71,1762.76,20.54,483
926,12,17,4578.28,807.1,2028.91,709500.68,7425.94,31.99,62
927,33,9,5222.08,95.73,783.24,378435.85,7544.08,78.79,530
928,25,9,400.13,406.46,2714.06,823041.62,9724.37,10.45,348
929,25,5,7669.11,1815.87,4216.16,370229.78,1942.36,75.02,222
930,4,7,8370.74,201.96,2628.52,379595.9,1273.12,35.88,209
931,4,11,6232.27,1715.14,189.56,781389.2,1430.96,55.17,547
932,9,8,7512.36,363.83,157.99,494571.99,1888.64,28.06,420
933,15,14,5274.79,1724.95,3031.46,886045.82,5308.26,98.65,550
934,26,2,6221.7,1080.66,1646.63,594234.4,9753.35,90.58,386
935,15,10,4006.26,1757.63,2867.61,248238.37,5914.84,92.84,602
936,26,16,7939.56,311.89,826.55,572589.14,5250.75,18.48,493
937,28,16,4735.88,1526.45,3886.54,13961.66,6749.89,84.17,704
938,7,19,6834.11,1364.59,4304.99,319273.4,785.61,53.54,128
939,32,11,6252.15,1090.44,4447.24,215872.82,8162.77,70.79,177
940,12,6,7052.91,1623.07,1527.33,657645.98,6486.45,21.75,599
941,35,6,7873.64,1300.07,3307.07,144678.2,1753.36,71.2,345
942,32,7,5175.86,1755.32,1402.42,297196.47,6325.62,91.43,211
943,9,16,8149.35,768.31,3816.16,337995.47,5982.27,26.75,576
944,14,13,5022.85,1183.95,611.42,13260.3,695.29,23.34,332
945,13,3,9570.68,1742.5,3816.2,56298.9,2705.98,10.44,587
946,44,9,7551.45,437.48,2204.25,318014.87,3939.87,26.68,628
947,33,3,1794.3,976.63,4279.19,230132.89,2486.64,53.58,33
948,32,6,8312.89,1921.88,3697.26,125737.67,2469.46,83.27,136
949,19,17,5560.72,952.47,1888.83,162620.04,5750.84,27.88,104
950,30,3,9846.16,513.13,4518.66,837181.59,4735.05,62.11,69
951,16,2,7216.31,708.64,1423.85,686486.38,6689.56,47.96,668
952,12,12,935.47,1771.32,4835.27,489276.36,9566.25,28.86,148
953,10,6,4010.11,1910.22,3838.34,909786.03,6622.53,51.04,102
954,2,10,5221.03,1900.71,4953.47,39257.26,5841.85,16.8,581
955,18,11,8406.23,1400.9,278.98,351485.59,8483.22,63.96,233
956,13,16,7320.52,1024.11,1377.44,825149.88,6339.13,11.57,125
957,29,16,3756.66,373.55,3708.91,632006.1,1697.33,73.1,308
958,24,18,6568.98,255.21,4612.03,981870.56,3181.75,17.77,172
959,38,9,5811.42,128.94,153.57,945069.77,7346.93,99.82,144
960,12,19,1347.92,45.25,10.05,178243.07,7396.9,82.37,505
961,29,2,2425.1,1757.45,1288.65,972267.13,9870.74,34.38,162
962,22,1,3477.11,1620.08,4265.37,946079.44,6288.4,42.62,197
963,36,16,2035.29,1139.96,3838.09,379874.84,9000.47,25.92,274
964,1,18,1586.33,1997.46,1707.98,983051.49,593.07,76.71,306
965,43,3,676.16,1906.57,20.04,45485.71,5683.91,38.07,288
966,40,1,8743.72,1313.67,2777.98,664143.05,9202.49,75.52,75
967,34,6,2960.54,934.5,1197.4,273486.33,2908.08,1.84,375
968,34,19,2974.17,312.82,3730.59,138168.47,1591.02,13.56,266
969,48,19,2141.66,1036.03,2237.28,581759.58,3537.58,36.5,82
970,33,11,4806.43,323.91,3396.22,313286.81,7932.75,10.89,177
971,4,8,5191.0,802.92,4263.02,670157.09,892.77,60.11,562
972,38,5,2161.99,1885.87,2683.44,544581.24,6023.37,5.08,119
973,30,9,6124.85,690.54,1686.42,398663.51,1399.53,85.98,262
974,46,15,7257.7,314.05,3850.02,190003.94,4383.55,76.13,80
975,20,14,3801.02,1168.97,1333.28,605237.7,9661.47,21.63,694
976,26,4,5895.97,1208.7,4458.68,830938.32,1991.69,48.38,657
977,15,8,5072.79,395.67,366.42,604004.42,388.46,45.18,423
978,7,17,2035.93,401.21,4178.99,614417.33,4300.67,72.49,243
979,7,2,7327.11,1979.2,466.86,516718.99,5798.07,40.15,480
980,29,16,8034.38,494.13,290.12,394357.72,3010.3,3.29,368
981,23,10,6523.05,1678.0,1822.65,462883.46,5440.59,27.37,380
982,34,2,3306.57,945.94,4783.18,989646.34,9536.35,46.62,678
983,20,11,9275.25,875.63,4917.6,752171.82,3152.12,97.45,314
984,15,10,4608.05,596.98,1018.33,436253.87,3128.8,88.12,612
985,33,19,2732.2,1549.91,751.7,462723.44,4853.54,18.14,274
986,17,14,4141.52,1762.52,1771.24,504635.69,5177.4,72.33,579
987,20,11,6951.54,529.64,1692.06,662721.05,63.59,93.68,668
988,13,9,8474.72,199.24,3800.37,471298.65,6177.96,0.88,613
989,44,7,3630.1,282.47,2225.56,689317.33,9973.71,72.09,255
990,24,15,2402.98,1587.68,3901.62,335895.93,2955.48,45.93,470
991,47,17,6302.28,877.3,3746.08,416533.24,6326.56,68.02,503
992,37,3,9220.03,272.51,2895.77,865412.59,95.99,60.56,473
993,7,15,1914.6,687.17,4169.23,335616.6,6063.05,98.47,441
994,8,14,8049.89,1033.33,986.28,964792.37,4498.33,28.88,275
995,23,8,4818.41,1705.58,817.43,180779.9,5326.42,78.61,612
996,14,4,8015.17,1287.07,3755.74,249263.02,5461.85,23.46,529
997,4,10,5104.86,360.31,1231.54,469042.95,1810.68,43.56,579
998,21,2,3835.54,325.82,23.94,799434.64,7711.18,97.54,146
999,46,14,6997.74,830.55,4560.68,734259.72,5576.92,76.61,393
1000,10,8,9016.21,159.63,3118.46,182721.36,2738.43,31.58,233
